leaf_rank,frontier_rank,leaf_type,target_leaves,node_id,title,abstract,year,journal,source_title,doi,cited_by,has_article_metadata,leaf_connection_score,sap_rank,internal_indegree,internal_outdegree,has_title_abstract
1,,sap_leaf,100,"CHOOSET N, 2025, COGENT BUS MANAG",DEVELOPING ENTREPRENEURIAL MARKETING DIMENSIONS FOR SMES IN THE DIGITAL ERA: A GROUNDED THEORY APPROACH,"CONVENTIONAL ENTREPRENEURIAL MARKETING PRINCIPLES, FORMULATED IN DEVELOPED NATIONS, MAY INSUFFICIENTLY FACE THE DIGITAL-ERA CHALLENGES ENCOUNTERED BY SMALL AND MEDIUM-SIZED ENTERPRISES (SMES) IN DEVELOPING COUNTRIES. THIS RESEARCH SEEKS TO ESTABLISH A NOVEL CONCEPTUAL FRAMEWORK THAT IS MORE APPROPRIATE FOR THE CHALLENGES OF THE DIGITAL ERA, EMPLOYING A QUALITATIVE STUDY GROUNDED IN THEORY METHODOLOGY. COMPREHENSIVE INTERVIEWS WERE PERFORMED WITH 30 ENTREPRENEURS FROM FIVE REGIONS OF THAILAND, REPRESENTING MICRO, SMALL, AND MEDIUM-SIZED ENTERPRISES IN THE AGRICULTURAL, SERVICE, MANUFACTURING, AND TRADING SECTORS. THE RESEARCH PRODUCED THREE NOTABLE FINDINGS: (1) THE EXTENSION OF ENTREPRENEURIAL MARKETING COMPONENTS FROM TWO CONVENTIONAL DIMENSIONS (ENTREPRENEURIAL ORIENTATION AND MARKET ORIENTATION) TO FOUR DIMENSIONS BY INTEGRATING NETWORKING CAPABILITIES AND DIGITAL LITERACY; (2) THE ESTABLISHMENT OF NEW METRICS THAT ILLUSTRATE THE AMALGAMATION OF TRADITIONAL METHODOLOGIES WITH DIGITAL TECHNOLOGIES, INCLUDING THE USE OF ONLINE DATA FOR IDENTIFYING BUSINESS OPPORTUNITIES, FOSTERING CUSTOMER RELATIONSHIPS THROUGH ONLINE COMMUNITIES, AND CREATING PRODUCTS INFORMED BY DIGITAL DATA ANALYTICS; AND (3) THE FORMULATION OF SPECIFIC PRACTICAL GUIDELINES AIMED AT IMPROVING THE MARKETING CAPABILITIES OF SMES, ESPECIALLY IN CULTIVATING COLLABORATIVE NETWORKS AND ENHANCING DIGITAL SKILLS. THIS RESEARCH EXPANDS THE THEORETICAL FRAMEWORK OF ENTREPRENEURIAL MARKETING AND OFFERS PRACTICAL GUIDELINES FOR THE DEVELOPMENT OF SMES IN DEVELOPING NATIONS.",2025.0,COGENT BUSINESS & MANAGEMENT,COGENT BUS MANAG,10.1080/23311975.2025.2480748,2.0,True,367907,135386595043,0,95,
2,,sap_leaf,100,"YANG M, 2025, INT BUS REV",TURNING DECISION-MAKING LOGIC INTO INTERNATIONAL PERFORMANCE AMONG SMES: REVEALING THE IMPORTANCE OF INTERNATIONAL ENTREPRENEURIAL MARKETING,"THE INTERNATIONAL BUSINESS FIELD LACKS RESEARCH ON HOW DECISION-MAKING LOGICS LEAD TO SMES' INTERNATIONAL PERFORMANCE AND WHAT MECHANISMS ARE INVOLVED. THIS STUDY EXAMINES THE RELATIONSHIP BETWEEN DECISION-MAKING LOGICS (EFFECTUATION AND CAUSATION) AND INTERNATIONAL PERFORMANCE OF SMES AND CONTRIBUTES BY HIGHLIGHTING THE CRUCIAL ROLE OF INTERNATIONAL ENTREPRENEURIAL MARKETING. WE USED STRUCTURAL EQUATION PARTIAL LEAST SQUARES IN THE EMPIRICAL STUDY WITH A CROSS-COUNTRY SAMPLE OF 489 INTERNATIONALIZING SMES FROM CHINA, FINLAND, AND NEW ZEALAND. THE RESULTS REVEAL THAT INTERNATIONAL ENTREPRENEURIAL MARKETING FULLY MEDIATES THE POSITIVE EFFECTUATION-PERFORMANCE RELATIONSHIP AND THE MEDIATION EFFECT IS STRONGER AMONG SMES FROM DEVELOPING MARKETS AND OFFERING SERVICES. WE SHOW THAT INTERNATIONAL ENTREPRENEURIAL MARKETING PARTIALLY MEDIATES THE POSITIVE CAUSATION-PERFORMANCE RELATIONSHIP AND THE MEDIATION EFFECT IS STRONGER AMONG SMES FROM DEVELOPED MARKETS AND AMONG THOSE THAT OFFER PRODUCTS.",2025.0,INTERNATIONAL BUSINESS REVIEW,INT BUS REV,10.1016/j.ibusrev.2025.102457,1.0,True,165056,27257392934,0,97,
3,,sap_leaf,100,"CAPELI CMD, 2025, J SMALL BUS ENTERP D",THE MUTUAL INFLUENCE BETWEEN ENTREPRENEURIAL MARKETING AND CAUSAL AND EFFECTUAL ENTREPRENEURSHIP: AN EMPIRICAL STUDY IN AN EMERGING AND DEVELOPING ECONOMY,"PURPOSE - ENTREPRENEURIAL MARKETING (EM) LITERATURE HAS EVOLVED RECENTLY, BUT MORE UNDERSTANDING IS NEEDED ON HOW THE SEVEN DIMENSIONS OF EM IMPACT CAUSAL AND EFFECTUAL ENTREPRENEURIAL BEHAVIOR AND, SIMILARLY, HOW ENTREPRENEURIAL BEHAVIOR INFLUENCES THE RESULTS OF ALL DIMENSIONS OF THE EM CONSTRUCT. THIS STUDY INVESTIGATES THE ASSOCIATION AND MUTUAL INFLUENCE BETWEEN EM AND ENTREPRENEURSHIP. DESIGN/METHODOLOGY/APPROACH - THIS STUDY USES A QUALITATIVE STRATEGY, ADDRESSING GAPS DUE TO ITS LOW INCIDENCE AND EMPLOYS THEORETICAL REPLICATION, WHICH IS PRACTICALLY UNEXPLORED. IT INVESTIGATES TWO CASES IN BRAZIL: SMALL COMPANIES (EIGHT CASES SELECTED BY LITERAL REPLICATION) AND A STRUCTURED NETWORK OF COMPANIES (ONE CASE SELECTED BY THEORETICAL REPLICATION), PREDICTING A POSITIVE INFLUENCE OF EM IN THE FIRST CASE AND A NEGATIVE OR NEUTRAL INFLUENCE IN THE SECOND.<BR /> FINDINGS - THE INFLUENCE OF EM ON ENTREPRENEURSHIP IS CONTEXT-DEPENDENT AND VARIES ACCORDING TO THE EMPIRICAL OBJECT. IN TURN, THE IMPACT OF ENTREPRENEURSHIP ON THE RESULTS OF THE EM DIMENSIONS IS MORE STABLE, PRIMARILY CAUSAL AND VARIES SLIGHTLY BETWEEN STRUCTURES.<BR /> ORIGINALITY/VALUE - FIRST, BY STUDYING HOW THE DIMENSIONS OF EM IMPACT CAUSAL/EFFECTUAL BEHAVIOR, THIS STUDY BROADENS THE UNDERSTANDING OF THE AREA, WHICH WAS PREVIOUSLY FOCUSED ON ONLY A FEW DIMENSIONS. SECOND, BY INVESTIGATING THE IMPACT OF ENTREPRENEURSHIP ON EM OUTCOMES, THIS STUDY SHEDS LIGHT ON THE INFLUENCE OF AND DIFFERENCES IN CAUSAL/EFFECTUAL BEHAVIOR IN EACH OF THE SEVEN DIMENSIONS. FINALLY, IT EXTENDS THE UNDERSTANDING OF EM AND ENTREPRENEURSHIP IN SMALL BUSINESSES AND A STRUCTURED NETWORK BY IDENTIFYING SIMILARITIES AND DISTINCTIONS HITHERTO UNEXPLORED.",2025.0,JOURNAL OF SMALL BUSINESS AND ENTERPRISE DEVELOPMENT,J SMALL BUS ENTERP D,10.1108/JSBED-04-2024-0197,1.0,True,153964,23717889800,0,41,
4,,sap_leaf,100,"QUINTERO-ARANGO LF, 2024, CLIO AM",ENTREPRENEURIAL MARKETING IN ACTION: MULTIDIMENSIONAL IMPACT AND SECTORAL APPLICATIONS,"THIS ARTICLE AIMS TO IDENTIFY THE DYNAMICS OF SCIENTIFIC PRODUCTION ON ENTREPRENEURIAL MARKETING (EM) AND ITS INFLUENCE ON ORGANIZATIONAL PERFORMANCE; RESEARCHERS CONDUCTED TWO CONSULTATIONS FOR THIS OBJECTIVE, ONE IN SCOPUS AND ANOTHER IN WEB OF SCIENCE. THE RESULTS SHOWED THAT IN THE LAST SEVEN YEARS, THERE HAS BEEN A 52 % GROWTH IN SCIENTIFIC PRODUCTION, HIGHLIGHTING ITS IMPORTANCE IN THE ACADEMIC AND BUSINESS WORLDS. RESEARCHERS IDENTIFIED THREE MAJOR TRENDS; THE FIRST CONCERNS THE VARIOUS METRICS USED TO MEASURE THE DIMENSIONS OF EM, THE SECOND PERTAINS TO APPLICATIONS OF EM IN DIFFERENT CONTEXTS, AND THE THIRD INVOLVES THE THEORETICAL FOUNDATIONS OF EM. THIS STUDY BENEFITS RESEARCHERS SEEKING A BETTER UNDERSTANDING OF EM, ENTREPRENEURS WHO DESIRE A STRAIGHTFORWARD INTRODUCTION TO THE SUBJECT FROM A SCIENTIFIC PERSPECTIVE, AND EDUCATORS WISHING TO INTEGRATE THE TOPIC OF EM INTO THEIR COURSES.",2024.0,CLIO AMERICA,CLIO AM,10.21676/23897848.5683,0.0,True,134027,17974524032,0,39,
5,,sap_leaf,100,"YADAV A, 2024, J ORGAN CHANGE MANAG",DEVELOPING AND VALIDATING A SCALE FOR ENTREPRENEURIAL MARKETING ORIENTATIONS: EMICO FRAMEWORK AND ITS IMPACT ON BUSINESS PERFORMANCE IN STARTUPS,"PURPOSEALTHOUGH MARKETING IS ESSENTIAL FOR A FIRM'S SURVIVAL AND GROWTH, A SET OF ENTREPRENEURIAL STRATEGIC ORIENTATIONS MAY HELP IT GAIN A COMPETITIVE ADVANTAGE. ENTREPRENEURIAL MARKETING (EM) IS CRITICAL FOR GROWING BUSINESSES TO SUCCEED IN TODAY'S FAST-PACED INDUSTRY. THE PRESENT STUDY AIMS TO MEASURE THE ROLE OF EM ON THE BUSINESS PERFORMANCE (BP) OF INDIAN STARTUPS.DESIGN/METHODOLOGY/APPROACHFOR THIS PURPOSE, A THOROUGH LITERATURE REVIEW WAS CONDUCTED TO DEVELOP A SCALE FROM THE PROPOSED CONCEPTUAL FRAMEWORK - EMICO BY JONES AND ROWLEY (2009B). TO ASSESS THE RELIABILITY AND VALIDITY OF THE SCALE (62 ITEMS), THE DATA ARE ANALYZED BY EMPLOYING PARTIAL LEAST SQUARE-STRUCTURAL EQUATION MODELING (PLS-SEM).FINDINGSTHE SCALE IS EMPIRICALLY TESTED, AND THE RESULTS LEAD TO DISCUSSIONS. THE RESULTS SHOW THE POSITIVE IMPACT OF ENTREPRENEURIAL ORIENTATION (EO), MARKETING ORIENTATION (MO), INNOVATION ORIENTATION (IO) AND CUSTOMER ORIENTATION (CO) ON THE BP OF THE STARTUPS. THE PAPER CONCLUDES BY SUGGESTING MANAGERIAL AND PRACTICAL IMPLICATIONS, ALSO PROVIDING FUTURE RESEARCH AGENDA.ORIGINALITY/VALUEOUR OBJECTIVE IS TO ADDRESS THE EXISTING DEARTH OF COMPREHENSIVE SCALES FOR EVALUATING EM BY UNDERTAKING A RIGOROUS STATISTICAL APPROACH. NOTABLY, OUR RESEARCH REPRESENTS THE PIONEERING EFFORT IN ADOPTING THE EMICO FRAMEWORK AND SUBSEQUENTLY FORMULATING AND EMPIRICALLY VALIDATING A ROBUST SCALE SPECIFICALLY TAILORED FOR NASCENT OR SMALL-SCALE STARTUPS WITHIN THE INDIAN CONTEXT.",2024.0,JOURNAL OF ORGANIZATIONAL CHANGE MANAGEMENT,J ORGAN CHANGE MANAG,10.1108/JOCM-11-2023-0461,0.0,True,106386,11326951539,0,60,
6,,sap_leaf,100,"SULAIMAN MABA, 2024, DISCOV SUSTAIN",ENTREPRENEURIAL MARKETING AND PERFORMANCE: CONTINGENT ROLE OF MARKET TURBULENCE,"IN DEVELOPING COUNTRIES, ENTREPRENEURIAL FIRMS ARE INCREASINGLY ADVOCATING A SHIFT FROM CONVENTIONAL MARKETING STRATEGIES, PAVING THE WAY FOR INNOVATIVE APPROACHES LIKE ENTREPRENEURIAL MARKETING. THIS PAPER INVESTIGATES THE MODERATING ROLE OF MARKET TURBULENCE OVER THE IMPACT OF ENTREPRENEURIAL MARKETING OVER PERFORMANCE OF ENTREPRENEURIAL FIRMS. WE HAVE DEVELOPED THE FRAMEWORK WHILE TAKING THE SUPPORT OF CONTINGENCY PERSPECTIVE. WE ADOPTED A QUANTITATIVE RESEARCH METHODOLOGY AND COLLECTED THE DATA USING SURVEY TECHNIQUE FROM 384 ENTREPRENEURIAL FIRMS, AND THE MANAGERS AND OWNERS WERE CONTACTED FOR THE RESPONSES. THE COLLECTED DATA, AFTER ENSURING THE RELIABILITY AND VALIDITY HAS BEEN EVALUATED USING SMART PLS 3. STRUCTURAL EQUATION MODELLING HAS BEEN APPLIED TO EVALUATE THE RESEARCH FRAMEWORK. THE FINDINGS REVEALED THAT SIX OUT OF SEVEN IDENTIFIED CONSTRUCTS OF ENTREPRENEURIAL MARKETING HOLD A SIGNIFICANT IMPACT OVER PERFORMANCE OF ENTREPRENEURIAL FIRMS. ADDITIONALLY, THE MODERATING ROLE OF MARKET TURBULENCE HAS ALSO FOUND SIGNIFICANT WHICH IS THE MAJOR SIGNIFICANCE OF THE STUDY. THE PAPER ENDS UP BY IDENTIFYING THE LIMITATIONS FACED WHILE CONDUCTING RESEARCH AND GIVING RECOMMENDATIONS FOR FUTURE RESEARCHERS.",2024.0,DISCOVER SUSTAINABILITY,DISCOV SUSTAIN,10.1007/s43621-024-00710-8,26.0,True,103678,10757871610,0,49,
7,,sap_leaf,100,"RAHIMI A, 2026, J HOSP LEIS SPORT TO",ENTREPRENEURIAL MARKETING EDUCATION AND INTENTIONS IN SPORT: INVESTIGATING THE MODERATING EFFECT OF SPORTING CAPITAL,"AS SPORT INCREASINGLY INTERSECTS WITH ENTREPRENEURSHIP, UNDERSTANDING HOW SPORT STUDENTS TRANSLATE ENTREPRENEURIAL LEARNING INTO INTENTION BECOMES A PRESSING ACADEMIC AND PRACTICAL CONCERN. THIS STUDY EXPLORES THE EXTENT TO WHICH ENTREPRENEURIAL MARKETING EDUCATION (EME) SHAPES ENTREPRENEURIAL INTENTIONS (EI) AMONG SPORT SCIENCE STUDENTS, FOCUSING ON TWO KEY COGNITIVE PREDICTORS: PERCEIVED DESIRABILITY (PD) AND PERCEIVED FEASIBILITY (PF). DRAWING ON A NATIONAL SAMPLE OF 435 UNDERGRADUATES ACROSS IRANIAN UNIVERSITIES, STRUCTURAL EQUATION MODELING REVEALED THAT EME SIGNIFICANTLY ENHANCES BOTH PD AND PF-THOUGH NOT ALL PEDAGOGICAL ELEMENTS CONTRIBUTED EQUALLY. WHAT ELEVATES THIS RESEARCH IS ITS REVELATION OF SPORTING CAPITAL (SC) AS A DECISIVE MODERATING FORCE. CONCEPTUALIZED AS A MULTIDIMENSIONAL BLEND OF PHYSICAL ABILITY, PSYCHOLOGICAL RESILIENCE, AND SOCIAL CONNECTIVITY, SC NOT ONLY AMPLIFIES THE EFFECT OF EME, BUT DOES SO MORE POWERFULLY AMONG FEMALE STUDENTS-WHERE IT APPEARS TO COUNTERBALANCE STRUCTURAL AND CULTURAL BARRIERS THROUGH EMBODIED CONFIDENCE AND SOCIAL REINFORCEMENT. THESE FINDINGS REFRAME ENTREPRENEURSHIP EDUCATION AS A LIVED, CONTEXT-SENSITIVE PROCESS SHAPED NOT ONLY BY COGNITIVE FACTORS BUT BY SPORT-ROOTED EXPERIENCES. THEORETICALLY, THIS STUDY BRIDGES ENTREPRENEURIAL COGNITION WITH EMBODIED CAPITAL; PRACTICALLY, IT CALLS FOR LEARNING ENVIRONMENTS THAT ACTIVATE THE PHYSICAL, EMOTIONAL, AND RELATIONAL STRENGTHS OF SPORT STUDENTS IN PURSUIT OF ENTREPRENEURIAL FUTURES.",2026.0,JOURNAL OF HOSPITALITY LEISURE SPORT & TOURISM EDUCATION,J HOSP LEIS SPORT TO,10.1016/j.jhlste.2026.100598,0.0,True,76919,5923013969,0,34,
8,,sap_leaf,100,"ALIAKBARI A, 2025, INT J ENTREP BEHAV R",UNPACKING THE RELATIONSHIP BETWEEN ENTREPRENEURIAL MARKETING ACTIVITIES AND SMALL FIRM PERFORMANCE,"PURPOSEA QUESTION REMAINS UNRESOLVED IN EXISTING CROSS-DISCIPLINARY RESEARCH AT THE MARKETING/ENTREPRENEURSHIP INTERFACE (MEI). THIS FEATURES CIRCUMSTANCES WHEN EMPLOYING A COMBINATION OF MARKET-ORIENTED AND ENTREPRENEURIALLY-ORIENTED ACTIVITIES, KNOWN AS ENTREPRENEURIAL MARKETING (EM) BEHAVIOR, IS LIKELY TO LEAD TO POSITIVE PERFORMANCE OUTCOMES. EARLIER MIXED FINDINGS PROVIDE THE NEED TO UNPACK THE NUANCES OF EM PRACTICES, IN TERMS OF THEIR BOUNDARY CONDITIONS, REGARDING CIRCUMSTANCES WHERE THIS BEHAVIOR DOES OR DOES NOT LEAD TO PERFORMANCE-ENHANCING OUTCOMES. CONSEQUENTLY, THE PURPOSE OF THIS STUDY IS TO EXAMINE THE COMPLEXITIES OF THE ASSOCIATION BETWEEN EM ACTIVITIES AND SMALL FIRM PERFORMANCE BY ASSESSING QUADRATIC AND MODERATING EFFECTS.DESIGN/METHODOLOGY/APPROACHTHIS STUDY WAS UNDERPINNED BY RESOURCE-BASED THEORY (RBT). SURVEY RESPONSES WERE COLLECTED FROM 214 SMALLER-SIZED COMPANIES IN THE UNITED KINGDOM. THE STATISTICAL DATA PASSED ALL MAJOR CHECKS FOR RELIABILITY, DIFFERENT FORMS OF VALIDITY, COMMON METHOD VARIANCE AND ENDOGENEITY BIAS.FINDINGSEM ACTIVITIES HAD A QUADRATIC CONNECTION WITH SMALL FIRM PERFORMANCE, WITH THIS RELATIONSHIP BEING ENHANCED (IN TERMS OF A POSITIVE TWO-WAY INTERACTION EFFECT) BY MARKET DYNAMISM (A COUNTER-INTUITIVE RESULT REGARDING ENVIRONMENTAL CONDITIONS). SURPRISINGLY, THROUGH A POST-HOC TEST, COOPETITION (COOPERATION AMONG COMPETITORS TO LEVERAGE ASSETS AND OVERCOME RESOURCE CONSTRAINTS) DID NOT PLAY ANY INFLUENTIAL PART IN HELPING OWNER-MANAGERS TO OVERCOME THE POTENTIAL DOWNSIDES OF EM PRACTICES, LIKE THE TIME AND COST IMPLICATIONS OF IDENTIFYING AND EXPLOITING OPPORTUNITIES (I.E., A NON-SIGNIFICANT THREE-WAY INTERACTION EFFECT).ORIGINALITY/VALUEUNIQUE INSIGHTS OUTLINE HOW DECISION-MAKERS IN SMALLER-SIZED ORGANIZATIONS CAN HARNESS THE POTENTIAL BENEFITS, AND MINIMISE THE LIKELY DRAWBACKS, OF EMPLOYING EM ACTIVITIES. HOWEVER, OWNER-MANAGERS SHOULD BE CAUTIOUS WHEN IMPLEMENTING THESE ORGANIZATION-WIDE PRACTICES, SINCE THEY ARE LIKELY TO ENHANCE PERFORMANCE, BUT ONLY UP TO A FIXED POINT. INDEED, EXCESSIVE FORMS OF EM ACTIVITIES CAN WEAKEN SMALL FIRMS' PERFORMANCE. A COUNTER-INTUITIVE POSITIVE MODERATION EFFECT REGARDING MARKET DYNAMISM CHALLENGES CERTAIN EARLIER FINDINGS. SPECIFICALLY, IN SOME DYNAMIC MARKET CONDITIONS, EM ACTIVITIES COULD BE PERFORMANCE-ENHANCING, SINCE CERTAIN ENVIRONMENTAL-LEVEL FORCES MIGHT ASSIST OWNER-MANAGERS TO AMPLIFY THE MERITS OF BEHAVIOR AT THE MEI WHEN IMPLEMENTED EFFECTIVELY.",2025.0,INTERNATIONAL JOURNAL OF ENTREPRENEURIAL BEHAVIOR & RESEARCH,INT J ENTREP BEHAV R,10.1108/IJEBR-10-2024-1173,5.0,True,65208,4257569970,0,61,
9,,sap_leaf,100,"SUANDI E, 2023, J FINANC SERV MARK","EVALUATING THE RELATIONSHIP BETWEEN ENTREPRENEURIAL MARKETING, COMPETITIVE ADVANTAGE, AND ISLAMIC BANKS PERFORMANCE","THE PURPOSE OF THIS PAPER IS TO ANALYZE THE EFFECT OF ENTREPRENEURIAL MARKETING ON COMPETITIVE ADVANTAGE AND ISLAMIC BANK PERFORMANCE IN INDONESIA WITH THE MODERATING ROLE OF VIGILANT LEADERSHIP. WE USED A CONVENIENCE SAMPLING METHOD TO COLLECT DATA FROM 204 ISLAMIC BANK BRANCHES IN INDONESIA. TO TEST THE HYPOTHESES, WE EMPLOYED SMART-PARTIAL LEAST SQUARE (SMART-PLS) SOFTWARE. THE FINDINGS INDICATE THAT ENTREPRENEURIAL MARKETING DIRECTLY OR INDIRECTLY (THROUGH COMPETITIVE ADVANTAGE) INFLUENCES BANK PERFORMANCE. VIGILANT LEADERSHIP DOES NOT MODERATE THE INFLUENCE OF ENTREPRENEURIAL MARKETING ON BANK PERFORMANCE. THEREFORE, ISLAMIC BANKS IN INDONESIA NEED TO DEVELOP ENTREPRENEURIAL MARKETING PRACTICES TO INCREASE THEIR COMPETITIVE ADVANTAGE AND BANK PERFORMANCE. THIS STUDY IS THE FIRST TO EXAMINE THE EFFECT OF ENTREPRENEURIAL MARKETING ON ORGANIZATIONAL OUTCOMES IN ISLAMIC BANKING AND AMONG THE FIRST TO USE VIGILANT LEADERSHIP AS A RESEARCH VARIABLE IN THE BANKING CONTEXT.",2023.0,JOURNAL OF FINANCIAL SERVICES MARKETING,J FINANC SERV MARK,10.1057/s41264-022-00169-6,10.0,True,55852,3124156404,0,39,
10,,sap_leaf,100,"CRICK JM, 2025, J STRATEG MARK",MANAGING AN ENTREPRENEURIAL MARKETING ORIENTATION IN TURBULENT COMPETITIVE BUSINESS ENVIRONMENTS,"MIXED PRIOR FINDINGS EXIST CONCERNING THE RELATIONSHIP BETWEEN AN ENTREPRENEURIAL MARKETING ORIENTATION (EMO) AND SMALL-TO-MEDIUM-SIZED ENTERPRISES' (SMES') PERFORMANCE. THIS IS A PROBLEM, SINCE THE PERFORMANCE-ENHANCING CIRCUMSTANCES REMAIN UNCLEAR CONCERNING THE UTILITY OF DECISION-MAKERS EMPLOYING EMO BEHAVIOURS. THIS STUDY UNPACKS THE RELATIONSHIP BETWEEN AN EMO AND SMES' PERFORMANCE UNDER THE MODERATING ROLE OF MARKET DYNAMISM. SURVEY RESPONSES WERE COLLECTED FROM 916 SMES IN MALAYSIA, AND ALL MAJOR ROBUSTNESS CHECKS WERE ADDRESSED. THE FINDINGS SHOWED THAT CONSISTENT WITH MUCH OF THE EXISTING RESEARCH, AN EMO DROVE SMES' PERFORMANCE. IN CONTRAST, THIS LINK WAS POSITIVELY MODERATED BY MARKET DYNAMISM (A COUNTER-INTUITIVE RESULT). CONSEQUENTLY, THIS INVESTIGATION OFFERS UNIQUE INSIGHTS REGARDING THE CIRCUMSTANCES WHERE EFFECTIVELY MANAGING AN EMO IS LIKELY TO ASSIST SMES TO YIELD ENHANCED PERFORMANCE ACROSS DYNAMIC MARKETS. FURTHERMORE, IMPROVED EVIDENCE IS PROVIDED ABOUT THE OUTSIDE-THE-FIRM PERSPECTIVE OF RESOURCE-BASED THEORY, AS A LENS TO CONCEPTUALISE THE NUANCES OF EMO PRACTICES IN TURBULENT ENVIRONMENTS.",2025.0,JOURNAL OF STRATEGIC MARKETING,J STRATEG MARK,10.1080/0965254X.2024.2445655,4.0,True,49483,2452735063,0,45,
11,,sap_leaf,100,"WIJEKOON S, 2024, EUR J MARKETING",THE IMPACT OF ENTREPRENEURIAL MARKETING ON NEW VENTURE BRAND IMAGE AND PERFORMANCE: A CAPABILITY PERSPECTIVE,"PURPOSETHIS STUDY AIMS TO EXAMINE THE UNDERLYING MECHANISMS THROUGH WHICH ENTREPRENEURIAL MARKETING (EM) PROMOTES THE DEVELOPMENT OF A FAVORABLE BRAND IMAGE AND ENHANCES SALES GROWTH AND MARKET SHARE IN NEW VENTURES (NVS).DESIGN/METHODOLOGY/APPROACHTHE AUTHORS TESTED THE THEORETICAL MODEL USING A MULTI-INFORMANT DESIGN IN WHICH SURVEY DATA WERE COLLECTED FROM NV ENTREPRENEURS AND MARKETING MANAGERS. HYPOTHESES WERE TESTED USING LINEAR REGRESSION AND PROCESS ANALYSIS.FINDINGSTHE AUTHORS DEMONSTRATE THE SIGNIFICANCE OF EM AS COMPRISING TWO NV CAPABILITIES - FIRST, THE LEVEL OF COMPLEMENTARITY BETWEEN ENTREPRENEURIAL ORIENTATION (EO) AND MARKET ORIENTATION (MO) AS A DYNAMIC CAPABILITY, AND SECOND, BRAND MANAGEMENT CAPABILITIES (BMCS) AS AN OPERATIONAL CAPABILITY - IN SHAPING A FAVORABLE NV BRAND IMAGE AND PROMOTING MARKET PERFORMANCE.RESEARCH LIMITATIONS/IMPLICATIONSTHE AUTHORS OFFER A NOVEL PERSPECTIVE BY DEMONSTRATING THAT EO AND MO YIELD COMPLEMENTARITIES IN DRIVING NVS' BMCS, WHICH, IN TURN, DRIVE BRAND IMAGE DEVELOPMENT AND MARKET PERFORMANCE FOR NVS. IN DOING SO, THE AUTHORS DEMONSTRATE NOVEL THEORETICAL IMPLICATIONS FOR THE RELEVANCE OF EM TO NV BRANDING, WHICH, TO DATE, HAS RECEIVED SCANT ATTENTION IN THE LITERATURE.PRACTICAL IMPLICATIONSTHE AUTHORS IDENTIFY A POTENTIAL AVENUE FOR ENTREPRENEURS AND NV MANAGERS TO MITIGATE THE POTENTIAL FAILURE RATES BY SIMULTANEOUSLY PURSUING A HIGHER LEVEL OF EO AND MO AND INVESTING IN BRAND-BUILDING ACTIVITIES. SUCH EFFORTS CAN HELP ENHANCE BRAND IMAGE, DRIVE SALES GROWTH AND FOSTER LONG-TERM SUCCESS.ORIGINALITY/VALUETO THE BEST OF THE AUTHORS' KNOWLEDGE, THIS STUDY IS THE FIRST TO INCLUDE BRAND CAPABILITIES AS AN ELEMENT OF EM, EXAMINE EM IN NV BRAND IMAGE DEVELOPMENT AND IDENTIFY THE ROLE OF EM CAPABILITIES RELEVANT TO NV BRAND BUILDING AND MARKET PERFORMANCE SIMULTANEOUSLY.",2024.0,EUROPEAN JOURNAL OF MARKETING,EUR J MARKETING,10.1108/EJM-07-2022-0568,5.0,True,45467,2071072188,0,65,
12,,sap_leaf,100,"ABAIDAH TNABT, 2024, UCJC BUS SOC REV",THE MODEL OF ENTREPRENEURIAL MARKETING (EM) AMONG AGROPRENEURS IN THE EMERGING MARKETS: A CONCEPTUAL FRAMEWORK,"THIS RESEARCH AIMS TO GIVE AN OPPORTUNITY, VALUE CREATION AND INNOVATION TO THE AGROPRENEUR'S MODEL FARM IN THE EMERGING MARKETS IN IMPLEMENTING THE NEW COST REDUCTION PRACTICES IN THEIR FARMS USING ORGANIC FERTILIZER. THE PERFORMANCE OF SMALL MEDIUM ENTERPRISES (SMES) IS THE DEPENDENT VARIABLE, WHILE THE DIMENSIONS OF ENTREPRENEURIAL MARKETING (EM) NAMELY, I) PROACTIVENESS, II) OPPORTUNITY FOCUS, III) INNOVATIVENESS, IV) RESOURCE LEVERAGING AND, V) VALUE CREATION ACT AS THE INDEPENDENT VARIABLES. WHILE GOVERNMENT SUPPORT PROGRAMS (GSPS) MEASURED AS A MEDIATOR IN THIS STUDY. THE MODEL OF STRUCTURE FOR AGROPRENEURS PRACTICES IS CONCEPTUALIZED BASED ON THE RESEARCH ADVANTAGE THEORY (RA). THIS RESEARCH WILL EMPLOY A MIXED-METHOD DESIGN THROUGH EXPLANATORY SEQUENTIAL APPROACH. THE DATA COLLECTION STARTED WITH QUANTITATIVE AND FOLLOWED BY QUALITATIVE APPROACH IN ORDER TO ACHIEVE THE STUDY OBJECTIVES. THIS STUDY ANTICIPATED FINDINGS WHICH COULD ELUCIDATE THE IMPORTANCE OF ENTREPRENEURIAL MARKETING DIMENSIONS ON THE PERFORMANCE OF THE AGROPRENEUR BUSINESSES AS WELL AS THE MODERATING ROLE OF THE GOVERNMENT SUPPORT PROGRAM IN AFFECTING THE RELATIONSHIP BETWEEN THE AFOREMENTIONED CONSTRUCTS. THE IMPACT COULD BE SEEN IN THE AGRICULTURAL SECTOR, ESPECIALLY AGROPRENEURS IN EMERGING MARKETS. FROM THE SOCIETAL AND ECONOMIC PERSPECTIVE, THE NEW INTERVENTION OF SEVERAL AGENCIES AND THE INNOVATION USED OF FERTILIZER ARE EXPECTED TO IMPROVE THE FARMERS AND THEIR PRODUCTS. OTHER FARMERS COULD IMPLEMENT THE RESULT AND ALSO HELP THEM INCREASE THEIR INCOME. THIS RESEARCH COULD THEORETICALLY CONTRIBUTE TO BOTH MARKETING AND ENTREPRENEURSHIP LITERATURE ON THE SIGNIFICANCE OF ENTREPRENEURIAL MARKETING PRACTICES PARTICULARLY AMONG AGROPRENEURS. AS A PRACTICAL IMPLICATION, THIS STUDY OFFERS USEFUL INSIGHT FOR THE GOVERNMENT AGENCIES TO EFFECTIVELY STRATEGIES AND FORMULATE ITS' EFFORTS IN THE GOVERNMENT SUPPORT PROGRAMS DESIGNED. THIS WILL HELP PARTICULARLY THE SME AGROPRENEURS TO SUSTAIN IN THE MARKET EVENTUALLY.",2024.0,UCJC BUSINESS AND SOCIETY REVIEW,UCJC BUS SOC REV,10.3232/UBR.2024.V21.N1.05,0.0,True,45358,2061178623,0,34,
13,,sap_leaf,100,"SALIH ES, 2024, J DEV ENTREP",EXPLORING THE IMPACT OF ENTREPRENEURIAL MARKETING ON SHARED VALUE CREATION: THE MEDIATING ROLE OF ORGANIZATIONAL AMBIDEXTERITY,"IN THE KURDISTAN REGION OF IRAQ, THE FOOD AND BEVERAGE MANUFACTURING INDUSTRY FACES SIGNIFICANT CHALLENGES IN CREATING SHARED VALUE, EXACERBATED BY GOVERNMENT POLICIES, FINANCIAL CONSTRAINTS AND OUTDATED PRACTICES. ENTREPRENEURIAL MARKETING OFFERS A POTENTIAL SOLUTION, BUT RESEARCH ON ITS EFFECT IN THIS CONTEXT IS LIMITED, ESPECIALLY CONCERNING ITS RELATIONSHIP WITH ORGANIZATIONAL AMBIDEXTERITY AND SHARED VALUE CREATION. THIS STUDY AIMS TO INVESTIGATE THE EFFECT OF ENTREPRENEURIAL MARKETING ON SHARED VALUE CREATION, WITH ORGANIZATIONAL AMBIDEXTERITY ACTING AS A MEDIATING FACTOR. DATA WAS COLLECTED FROM 201 FOOD AND BEVERAGE FACTORIES IN THE REGION, REPRESENTING 61 PERCENT OF SELECTED FACTORIES AND ANALYZED USING IBM SPSS AMOS 24. THE RESULTS DEMONSTRATE A STRONG POSITIVE INFLUENCE OF ENTREPRENEURIAL MARKETING ON SHARED VALUE CREATION AND HIGHLIGHT THE PARTIAL MEDIATING ROLE OF ORGANIZATIONAL AMBIDEXTERITY IN BALANCING EXPLORATION AND EXPLOITATION. THESE FINDINGS UNDERSCORE THE IMPORTANCE OF ORGANIZATIONAL AMBIDEXTERITY IN SHAPING SHARED VALUE IN THE KURDISTAN REGION'S FOOD AND BEVERAGE SECTOR.",2024.0,JOURNAL OF DEVELOPMENTAL ENTREPRENEURSHIP,J DEV ENTREP,10.1142/S1084946724500249,0.0,True,32819,1079849963,0,22,
14,,sap_leaf,100,"TOLOSSA AT, 2024, BUS STRATEGY DEV",LINKING BUSINESS SUSTAINABLE DEVELOPMENT WITH ENTREPRENEURIAL MARKETING PRACTICES: EVIDENCE FROM SMALL AND MEDIUM ENTERPRISES IN ETHIOPIA,"BUSINESS SUSTAINABLE DEVELOPMENT (BSD) REFERS TO PRACTICES THAT MEET CURRENT ECONOMIC, ENVIRONMENTAL, AND SOCIAL NEEDS WITHOUT COMPROMISING THE ABILITY OF FUTURE GENERATIONS TO MEET THEIR OWN NEEDS. IN ETHIOPIA, PRIOR STUDIES OVERLOOKED THIS CONCEPT WHEN STUDYING ENTREPRENEURIAL MARKETING PRACTICES (EMP) IN SMALL AND MEDIUM ENTERPRISES (SMES). THIS STUDY AIMED TO INVESTIGATE THE EFFECT OF THESE PRACTICES ON THE BSD. EMPLOYING A MIXED-METHODS APPROACH, PRIMARY AND SECONDARY DATA FROM 387 SMES (SELECTED VIA STRATIFIED AND SIMPLE RANDOM SAMPLING FROM 5765) ARE ANALYZED USING STRUCTURAL EQUATION MODELING (SEM). RESULTS DEMONSTRATE A SIGNIFICANT, POSITIVE RELATIONSHIP BETWEEN EMP SUCH AS INNOVATIVENESS, OPPORTUNITY FOCUS, VALUE CREATION, PROACTIVENESS, AND SUSTAINABLE DEVELOPMENT. THE STUDY UNDERSCORES THE NECESSITY FOR SMES TO ENHANCE MARKETING PRACTICES TO ENSURE LONG-TERM VIABILITY AND COMPETITIVENESS. IT HIGHLIGHTS STAKEHOLDER ENGAGEMENT: POLICYMAKERS, LOCAL COMMUNITIES, AND CONSUMERS AS CRITICAL FOR ALIGNING MARKETING EFFORTS WITH SUSTAINABILITY GOALS. THIS ENGAGEMENT NOT ONLY MEETS CONSUMER EXPECTATIONS FOR ETHICALLY DRIVEN BUSINESSES BUT ALSO ENHANCES INCLUSIVE GROWTH AND COMMUNITY WELFARE. BY PROMOTING DIALOGUE AMONG STAKEHOLDERS, SMES DRIVE SUSTAINABLE DEVELOPMENT INITIATIVES AND ADVOCATE FOR POLICIES SUPPORTING ENVIRONMENTALLY AND SOCIALLY RESPONSIBLE PRACTICES, CONTRIBUTING TO A GREENER, SOCIALLY CONSCIOUS ECONOMY. FUTURE RESEARCH SHOULD EXPLORE MEDIATING OR MODERATING VARIABLES ACROSS DIFFERENT SME TYPES AND REGIONS. THIS STUDY'S NOVELTY LIES IN ITS INSIGHTS INTO HOW EMP IMPACT SME SUSTAINABLE DEVELOPMENT WITHIN ETHIOPIA, OFFERING VALUABLE INSIGHTS FOR STRATEGIC DECISION-MAKING AND HIGHLIGHTING THE PIVOTAL ROLE OF ENTREPRENEURIAL MARKETING (EM) IN ACHIEVING LONG-TERM SUCCESS IN DYNAMIC MARKETS.",2024.0,BUSINESS STRATEGY AND DEVELOPMENT,BUS STRATEGY DEV,10.1002/bsd2.412,6.0,True,31266,980196951,0,40,
15,,sap_leaf,100,"ROBLEDO S, 2025, J RES MARK ENTREP",EXAMINING THE ROLE OF MONETARY INCENTIVES AND TIE STRENGTH IN MEDIATING SATISFACTION AND WORD OF MOUTH IN MULTILEVEL MARKETING COMPANIES: AN ENTREPRENEURIAL MARKETING PERSPECTIVE,"PURPOSETHIS STUDY AIMS TO EXPLORE THE MEDIATING ROLES OF MONETARY INCENTIVES AND TIE STRENGTH IN THE RELATIONSHIP BETWEEN SATISFACTION AND THE WORD-OF-MOUTH (WOM) PROCESS WITHIN A MULTILEVEL MARKETING (MLM) ORGANIZATION.DESIGN/METHODOLOGY/APPROACHTHIS STUDY CONDUCTED A PERSONAL SURVEY WITH 240 DISTRIBUTORS FROM A MLM COMPANY. THE CONCEPTUAL FRAMEWORK WAS TESTED USING STRUCTURAL EQUATION MODELING.FINDINGSTHESE EMPIRICAL FINDINGS SUBSTANTIATE THE VITAL ROLE OF SATISFACTION IN GENERATING WOM. MOREOVER, MONETARY INCENTIVES AND A STRONG INTERPERSONAL CONNECTION BETWEEN THE INFORMATION PROVIDER AND RECIPIENT (TIE STRENGTH) SERVE AS PIVOTAL DRIVERS IN INITIATING THE WOM PROCESS. THESE FACTORS WERE FOUND TO MEDIATE THE RELATIONSHIP BETWEEN SATISFACTION AND WOM, UNDERSCORING THEIR STRATEGIC IMPORTANCE.RESEARCH LIMITATIONS/IMPLICATIONSTHIS RESEARCH FOCUSES ON A SINGLE MLM COMPANY, LIMITING ITS GENERALIZABILITY TO NON-MLM OR OTHER COMPANIES. THIS AREA HOLDS PROMISE FOR FUTURE RESEARCH.PRACTICAL IMPLICATIONSMLM ENTREPRENEURS SHOULD PRIORITIZE OFFERING HIGH-QUALITY PRODUCTS, WELL-DESIGNED MONETARY INCENTIVES, AND FOSTERING STRONG RELATIONSHIPS WITH CLIENTS TO ACTIVATE THE WOM PROCESS.ORIGINALITY/VALUETHE RESULTS OF THIS STUDY INDICATE THAT SATISFACTION PLAYS A SIGNIFICANT ROLE IN WOM. IN ADDITION, THIS STUDY EMPHASIZES THE IMPORTANCE OF A WELL-STRUCTURED COMPENSATION PLAN (MONETARY INCENTIVES) AND THE NEED FOR MLM ENTREPRENEURS TO STRENGTHEN RELATIONSHIPS WITH CUSTOMERS TO ENHANCE THE LIKELIHOOD OF WOM ACTIVATION.",2025.0,JOURNAL OF RESEARCH IN MARKETING AND ENTREPRENEURSHIP,J RES MARK ENTREP,10.1108/JRME-07-2023-0117,0.0,True,30455,930078481,0,48,
16,,sap_leaf,100,"CHOU WC, 2023, NTU MANAG REV",HOW ENTREPRENEURIAL MARKETING FACILITATES DIRECT SELLERS' ENTREPRENEURIAL PROCESS: A DYNAMIC ADJUSTMENT PERSPECTIVE,"THIS STUDY INTENDS TO EXAMINE THE ENTREPRENEURIAL PROCESS OF INDIVIDUAL DIRECT SELLERS FROM THE PERSPECTIVE OF ENTREPRENEURIAL MARKETING, AND ADOPTS THE PROCESS METHOD WHERE EVENTS IN CHRONOLOGICAL ORDER ARE SCRUTINIZED. THIS STUDY COLLECTS DATA FROM TRIANGULAR SOURCES AND COMBINES THE FOCUS GROUP INTERVIEWS WITH IN-DEPTH INTERVIEWS TO EXAMINE 14 DIRECT SELLERS SELECTED FROM ONE DOMESTIC, AND ONE FOREIGN DIRECT SELLING BRAND, RESPECTIVELY. WE DEVELOP A DYNAMIC MODEL OF ENTREPRENEURIAL MARKETING. THE RESULTS SHOW THAT TWO RELATIONAL MANAGEMENT MECHANISMS ARE CRUCIAL TO THE SUCCESSFUL TRANSFORMATION TOWARDS THE NEXT ENTREPRENEURIAL PHASE. THE FINDINGS NOT ONLY FILL THE ACADEMIC GAP IN INDIVIDUAL-LEVEL DIRECT-SELLING STRATEGY, BUT ALSO SHED LIGHT ON ENTREPRENEURIAL MARKETING THEORY BY PROVIDING INSIGHTS REGARDING HOW RESOURCES AND INITIATIVES ARE MODIFIED, WHICH DEEPENS THE UNDERSTANDING OF ITS DYNAMICITY. MOREOVER, THIS RESEARCH EXTENDS THE TRANSACTION ORIENTED WESTERN STUDIES ON DIRECT SELLING TO THE 'QUANXI' (RELATIONSHIP) ORIENTED EASTERN CONTEXT THAT ESPECIALLY VALUES RELATIONAL NETWORK. IN PRACTICES, THE FINDINGS COULD ASSIST DIRECT SELLERS AND INTERPERSONAL-ORIENTED MICRO-ENTREPRENEURS TO DEVELOP PERSONAL BUSINESS TACTICS, AND SERVE AS REFERENCES FOR DIRECT SELLING COMPANIES TO PLAN FOR TRAINING PROGRAM OF BRAND AFFILIATES (BA) AND BRAND REPRESENTATIVES (BR).",2023.0,NTU MANAGEMENT REVIEW,NTU MANAG REV,10.6226/NTUMR.202308_33(2).0004,0.0,True,27533,760388225,0,51,
17,,sap_leaf,100,"KAKEESH DF, 2025, J MARK ANAL",ENTREPRENEURIAL MARKETING AND BUSINESS PERFORMANCE IN SMES: THE MEDIATING ROLE OF COMPETITIVE AGGRESSIVENESS,"THIS STUDY EXAMINES THE INTERPLAY BETWEEN ENTREPRENEURIAL MARKETING ORIENTATION AND BUSINESS PERFORMANCE AMONG SMES IN THE SERVICES SECTOR, WITH A PARTICULAR FOCUS ON COMPETITIVE AGGRESSIVENESS AS A MEDIATING FACTOR. DRAWING FROM A SAMPLE OF 320 SERVICE-BASED COMPANIES VIA BOTH ONLINE AND PAPER-BASED SURVEYS, THE RESEARCH EMPLOYS STRUCTURAL EQUATION MODELLING USING AMOS SOFTWARE TO ANALYSE THE DATA. THE RESULTS UNDERSCORE A SIGNIFICANT POSITIVE RELATIONSHIP BETWEEN ENTREPRENEURIAL MARKETING ORIENTATION AND BUSINESS PERFORMANCE AMONG SERVICE-BASED SMES IN JORDAN. BY DELVING INTO THE UNIQUE MARKETING CHALLENGES AND OPPORTUNITIES FACED BY THESE ENTERPRISES, THIS RESEARCH NOT ONLY OFFERS ACTIONABLE INSIGHTS FOR PRACTITIONERS BUT ALSO ENRICHES THE ENTREPRENEURIAL MARKETING DISCOURSE. THIS EXPLORATION DELVES INTO THE DOMAIN OF ENTREPRENEURIAL MARKETING ORIENTATION, EMPHASIZING ITS CRITICAL ROLE IN ENHANCING SME COMPETITIVENESS AND GROWTH WITHIN A DEVELOPING ECONOMY. INCORPORATING MARKETING ANALYTICS, THE STUDY OFFERS A DETAILED UNDERSTANDING THAT ENRICHES ACADEMIC LITERATURE AND INFORMS POLICY DEVELOPMENT FOR SUSTAINABLE ECONOMIC PROGRESS.",2025.0,JOURNAL OF MARKETING ANALYTICS,J MARK ANAL,10.1057/s41270-024-00310-5,8.0,True,26228,690118043,0,52,
18,,sap_leaf,100,"ALFORD P, 2025, INT J ENTREP BEHAV R",DIGITAL ENTREPRENEURIAL MARKETING BRICOLAGE: SHAPING TECHNOLOGY-IN-PRACTICE,"PURPOSE THE USE OF DIGITAL MARKETING TECHNOLOGIES REMAINS LOW IN SMALL MEDIUM ENTERPRISES (SMES), WITH DIGITAL TRANSFORMATION BEING A CONCERN FOR GOVERNMENTS GLOBALLY. THIS STUDY REPORTS ON THE HUMAN-TECHNOLOGY INTERACTION PROCESS, USING DIGITAL ENTREPRENEURIAL MARKETING (DEM) BRICOLAGE AND A SOCIOMATERIALITY LENS TO EXAMINE MORE DEEPLY ORGANISATIONAL INTERACTION BETWEEN MARKETERS AND DIGITAL MARKETING TECHNOLOGIES IN THESE FIRMS.DESIGN/METHODOLOGY/APPROACH A QUALITATIVE CASE STUDY AND PURPOSIVE SAMPLING APPROACH ARE DEPLOYED, USING SEVEN SMES IN THE SAME UK REGION. A BRICOLAGE AND SOCIOMATERIALITY FRAMEWORK AND TEMPLATE ANALYSIS ARE USED TO IDENTIFY DIGITAL MARKETING STRATEGIES AND CHALLENGES, LEVELS OF DIGITAL MARKETING BRICOLAGE AND ASSESS THE VALUE FOR EACH FIRM.FINDINGS FIRMS PRACTICE DIFFERENT LEVELS OF DEM BRICOLAGE DEPENDING ON THE INTERACTIONS OF THE MARKETERS WITH DIGITAL MARKETING TOOLS. THOSE MARKETERS IN FIRMS WHO HAD HIGHER LEVELS OF INTERACTION BETWEEN THE HUMAN AND THE TECHNOLOGICAL PROVIDED GREATER LONG-TERM STRATEGIC VALUE FOR THE SME.ORIGINALITY/VALUE THIS IS THE FIRST STUDY TO APPLY A SOCIOMATERIALITY LENS TO BRICOLAGE IN AN SME DIGITAL MARKETING CONTEXT AND ALLOWS US TO VIEW THE WAY IN WHICH EMPLOYEES INTERACT WITH DIGITAL MARKETING TECHNOLOGY AND CREATE VALUE. THERE IS SCARCE EMPIRICAL DATA IN THIS AREA DESPITE NUMEROUS CALLS IN THE DEVELOPING FIELD OF ENTREPRENEURSHIP AND DIGITALISATION IN SMALL AND GROWING FIRMS.",2025.0,INTERNATIONAL JOURNAL OF ENTREPRENEURIAL BEHAVIOR & RESEARCH,INT J ENTREP BEHAV R,10.1108/IJEBR-07-2024-0746,5.0,True,24515,603052032,0,25,
19,,sap_leaf,100,"GOYAL A, 2025, TOUR HOSP MANAG-CROA",INFLUENCE OF ENTREPRENEURIAL MARKETING ON HOTEL INDUSTRY PERFORMANCE: A MEDIATION ANALYSIS,"PURPOSE - THROUGH MARKETING COMPETENCE AS A MEDIATING FACTOR, THIS RESEARCH SEEKS TO EXAMINE THE EFFECTS OF ENTREPRENEURIAL MARKETING PERSPECTIVE ON THE FINANCIAL PERFORMANCE OF THE HOTEL INDUSTRY. METHODOLOGY - A SAMPLE OF 255 HOTEL MANAGERS, HUMAN RESOURCE DIRECTORS, AND OTHER STAFF MEMBERS FROM RAJASTHAN, INDIA, AND THE SMALL-SIZED HOTEL INDUSTRY GAVE DATA USING A STANDARDIZED QUESTIONNAIRE. THE DEVELOPED RESEARCH HYPOTHESES WERE TESTED USING THE STRUCTURAL EQUATION MODELING (SEM) METHOD. FINDINGS - AS PER THE EMPIRICAL RESULTS, ENTREPRENEURIAL ORIENTATION (EO) FACTORS SIGNIFICANTLY IMPACT BUSINESS SUCCESS. THE ABILITY OF THE SERVICE SECTOR TO MARKET ITS PRODUCTS PARTIALLY MEDIATES THE EFFECTS OF ENTREPRENEURIAL ORIENTATION CHARACTERISTICS ON HOTEL INDUSTRY SUCCESS. ORIGINALITY OF THE RESEARCH - THIS RESEARCH WAS CONDUCTED WITH ENTREPRENEURS OF A SINGLE INDUSTRY IN A SPECIFIC COUNTRY USING CROSS-SECTIONAL DATA. THE EXISTING RESEARCH MODEL MAY BE EXTENDED WITH LONGITUDINAL DATA OF OTHER SERVICE SECTORS ESTABLISHED IN DIFFERENT NATIONS. MOREOVER, NEW RESEARCH CONSTRUCTS MAY BE ADDED TO IT FOR FURTHER INVESTIGATION. THE STUDY CONTRIBUTES TO DEVELOPING NATIONS' ENTREPRENEURIAL MARKETING BY EVALUATING THE SIGNIFICANCE OF ENTREPRENEURIAL ATTITUDE IN PREDICTING BUSINESS PERFORMANCE IN EMERGING ECONOMIES. THIS STUDY ALSO SHOWS HOW RESEARCH FINDINGS OF DEVELOPED ECONOMIES CAN BE APPLIED TO EMERGING ECONOMIES.",2025.0,TOURISM AND HOSPITALITY MANAGEMENT-CROATIA,TOUR HOSP MANAG-CROA,10.20867/thm.31.3.6,1.0,True,24456,600156252,0,53,
20,,sap_leaf,100,"LOTFABADI VT, 2024, INTERD J MANAGE STUD",HOW ENTREPRENEURIAL MARKETING LEADS TO CUSTOMER SATISFACTION (THE MEDIATION EFFECT OF CUSTOMER VALUE),"THE CURRENT STUDY AIMS TO DEEPEN THE KNOWLEDGE OF THE DIRECT AND INDIRECT EFFECTS OF ENTREPRENEURIAL MARKETING ON CUSTOMER SATISFACTION THROUGH CUSTOMER VALUE. THE STATISTICAL POPULATION OF THIS STUDY IS FOOD AND AGRICULTURAL PRODUCTS EXPORTING COMPANIES PARTICIPATING IN THE 27TH INTERNATIONAL AGROFOOD EXHIBITION IN TEHRAN 2020. FINALLY, 259 QUESTIONNAIRES CONSIDERING SYSTEMATIC RANDOM SAMPLING METHODS WERE EXPLORED BY STRUCTURAL EQUATION MODELING (SEM) USING SMART PLS3 SOFTWARE. THE RESULT REVEALS THAT ENTREPRENEURIAL MARKETING AFFECTS CUSTOMER SATISFACTION DIRECTLY AND INDIRECTLY THROUGH CUSTOMER VALUE. MOREOVER, INNOVATIVENESS, PROACTIVENESS, RESOURCE LEVERAGE, AND CUSTOMER ORIENTATION INCREASE BOTH CUSTOMER VALUE AND CUSTOMER SATISFACTION POSITIVELY. HOWEVER, THE IMPACT OF RISK-TAKING ON BOTH CUSTOMER VALUE AND CUSTOMER SATISFACTION IS NOT SIGNIFICANT. THIS STUDY CONTRIBUTES TO THE THEORETICAL GROUND OF ENTREPRENEURIAL MARKETING LITERATURE BY PROVIDING THIS KNOWLEDGE THAT WHICH DIMENSIONS MAY AFFECT SATISFACTION DIRECTLY AND INDIRECTLY THROUGH CUSTOMER VALUE.",2024.0,INTERDISCIPLINARY JOURNAL OF MANAGEMENT STUDIES,INTERD J MANAGE STUD,10.22059/ijms.2023.347747.675310,2.0,True,19742,391413146,0,39,
21,,sap_leaf,100,"MARIN A, 2023, J MARKET EDUC","FROM LAB TO MARKET: LEARNING ENTREPRENEURIAL MARKETING THROUGH MULTI-SEMESTER, STAGE-GATE, CAPSTONE PROJECT IN STEM MBA","ENTREPRENEURS BUILD SUCCESSFUL BUSINESSES BY TAKING INNOVATIVE IDEAS FROM RESEARCH LABS TO MARKET. THIS ARTICLE DESCRIBES A PEDAGOGICAL APPROACH AND ITS OUTCOMES IN UTILIZING A MULTI-STAGE, MULTI-COURSE, AND MULTI-SEMESTER CAPSTONE INTEGRATIVE PROJECT TO TEACH ENTREPRENEURIAL MARKETING (EM) OF EARLY-STAGE TECHNOLOGIES. HEREIN WE EXPLAIN CONCEPTS AND PRACTICES THAT ENABLE THE LEARNING NEEDED WITHIN STEM (SCIENCE, TECHNOLOGY, ENGINEERING, MATHEMATICS) MBA PROGRAMS TO COMMERCIALIZE AND MARKET PRODUCTS AND SERVICES ARISING FROM NEW TECHNOLOGIES. THE PEDAGOGY FOLLOWS A FOUR-COURSE SEQUENCE THAT APPLIES STRATEGIC FRAMEWORKS AND TOOLS TO DEVELOP OPPORTUNITY SPACE FOR A PATENTED IDEA, DEVELOP THE IDEA INTO PRODUCT OPTIONS, UNDERTAKE CUSTOMER DISCOVERY, BUILD MARKETING AND SALES STRATEGIES, AND TRANSLATE OPPORTUNITIES INTO VENTURE PLANNING. THESE LAB-TO-MARKET OUTCOMES ARE ACCOMPLISHED BY APPLYING DELIBERATE PRACTICE-BASED ACTION LEARNING METHODS TO BUILD STUDENTS' KNOWLEDGE BASES AND PROBLEM-SOLVING PROCESS SKILLS THAT INCREASE THEIR ENTREPRENEURIAL EXPERTISE. THROUGH LEARNER ENGAGEMENT IN A SEQUENCE OF INNOVATIVE, DATA-DRIVEN, ANALYTICAL PROCESSES THAT FOCUS ON IDENTIFYING, VALIDATING, AND STRATEGIZING AROUND SCALABLE NEW IDEAS, THIS PEDAGOGY ENABLES STUDENTS TO LEARN EM SKILLS THAT CAN BE APPLIED TO DIFFERENT INDUSTRIES AND COMPANIES AT VARIOUS STAGES OF DEVELOPMENT BUT WITH AN EMPHASIS ON EARLY-STAGE TECHNOLOGIES.",2023.0,JOURNAL OF MARKETING EDUCATION,J MARKET EDUC,10.1177/02734753231185415,7.0,True,18056,327538038,0,44,
22,,sap_leaf,100,"TIAN HY, 2025, J COMPETITIVENESS",DATA-DRIVEN DISRUPTIVE COMPETITIVENESS: EXPLORING THE ROLE OF BIG DATA ANALYTICS CAPABILITY AND ENTREPRENEURIAL MARKETING IN DISRUPTIVE INNOVATION,"BIG DATA ANALYTICS CAPABILITY HAS GARNERED SIGNIFICANT ATTENTION IN BOTH ACADEMIC AND MANAGERIAL CIRCLES AS A MAJOR DRIVER OF INNOVATION-DRIVEN COMPETITIVE ADVANTAGE. HOWEVER, THE EXISTING LITERATURE ON THE BDAC-INNOVATION RELATIONSHIP IS STILL INCONCLUSIVE, WITH INDUSTRY REPORTS HIGHLIGHTING THAT MANY FIRMS STRUGGLE TO DERIVE SIGNIFICANT VALUE FROM IT. ROOTED IN RESOURCE-BASED THEORY AND DYNAMIC CAPABILITIES, THIS STUDY EXAMINES THE ROLE OF BIG DATA ANALYTICS CAPABILITY IN DISRUPTIVE INNOVATION, CONSIDERING THE MEDIATION OF ENTREPRENEURIAL MARKETING, A STRATEGIC ORIENTATION REPRESENTING THE INTERFACE OF ENTREPRENEURSHIP AND MARKETING. THE PROPOSED RELATIONSHIPS ARE VALIDATED THROUGH THE ANALYSIS OF 216 MANUFACTURERS IN PAKISTAN USING PARTIAL LEAST SQUARES-BASED STRUCTURAL EQUATION MODELING. THE RESULTS REVEAL THAT BIG DATA ANALYTICS CAPABILITY POSITIVELY INFLUENCES BOTH ENTREPRENEURIAL MARKETING AND DISRUPTIVE INNOVATION, WHILE ENTREPRENEURIAL MARKETING ALSO POSITIVELY INFLUENCES DISRUPTIVE INNOVATION. MOREOVER, ENTREPRENEURIAL MARKETING FULLY MEDIATES THE RELATIONSHIP BETWEEN BIG DATA ANALYTICS CAPABILITY AND DISRUPTIVE INNOVATION. THESE FINDINGS HAVE SIGNIFICANT IMPLICATIONS FOR BOTH THEORY AND PRACTICE.",2025.0,JOURNAL OF COMPETITIVENESS,J COMPETITIVENESS,10.7441/joc.2025.01.12,2.0,True,15242,233605618,0,29,
23,,sap_leaf,100,"SARFRAZ M, 2023, IND TEXTILA",THE EFFECT OF ENTREPRENEURS' PERSONALITY ON ENTREPRENEURIAL MARKETING IN TEXTILE SECTOR: THE MEDIATING ROLE OF SELF-EFFICACY,"THE STUDY OBJECTIVE IS TO ANALYSE THE EFFECT OF BIG-FIVE ENTREPRENEURS' PERSONALITY TRAITS ON ENTREPRENEURIAL MARKETING WHILE CONSIDERING THE MEDIATING ROLE OF SELF-EFFICACY. DATA WERE COLLECTED THROUGH A STRUCTURED QUESTIONNAIRE; A STUDY OF 199 USABLE QUESTIONNAIRES OUT OF 290 WAS CARRIED OUT AMONG YOUNG ENTREPRENEURS. STRUCTURAL EQUATION MODELLING WAS USED TO TEST THE STUDY HYPOTHESIS. THE RESULTS SHOW A SIGNIFICANT RELATIONSHIP BETWEEN PERSONALITY TRAITS AND ENTREPRENEURIAL MARKETING. OPENNESS, EXTROVERSION, AND AGREEABLENESS PERSONALITY TRAITS ARE POSITIVELY LINKED WITH ENTREPRENEURIAL MARKETING. THE FINDINGS ALSO SHOW A POSITIVE ASSOCIATION BETWEEN SELF-EFFICACY AND ENTREPRENEURIAL MARKETING. THE CURRENT STUDY CONTRIBUTES TO THE LITERATURE BY ANALYSING AN ENTREPRENEUR'S PERSONALITY CHARACTERISTICS IN ENTREPRENEURIAL MARKETING.",2023.0,INDUSTRIA TEXTILA,IND TEXTILA,10.35530/IT.074.02.202179,5.0,True,14747,218717480,0,39,
24,,sap_leaf,100,"ROY J, 2025, ARCH TECH SCI",ENTREPRENEURIAL MARKETING AND INNOVATION CAPABILITIES IN HIGH TECHNOLOGY STARTUPS IN EMERGING ECONOMIES,"EMERGING ECONOMIES HAVE A DYNAMIC AND CHALLENGING BUSINESS ENVIRONMENT, WHICH REQUIRES ENTREPRENEURIAL MARKETING AND INNOVATION CAPABILITIES OF THE HIGH-TECH STARTUPS. SUCH STARTUPS ARE USUALLY FACED WITH ISSUES OF LACK OF RESOURCES, REGULATION AND LACK OF PROPER INFRASTRUCTURE. IN THIS REGARD, IT IS IMPORTANT TO COMBINE ENTREPRENEURIAL MARKETING PRACTICES, WHICH INVOLVE RECOGNITION OF OPPORTUNITIES, SENSING OF THE MARKET, INTERACTION WITH CUSTOMERS, AND RISK-TAKING, WITH INNOVATION COMPETENCIES. STARTUPS ARE ABLE TO INTRODUCE NEW SERVICES, PRODUCTS AND SOLUTIONS USING INNOVATION CAPABILITIES, WHICH INCLUDE TECHNOLOGICAL DEVELOPMENT, RESEARCH AND DEVELOPMENT (R&D), KNOWLEDGE MANAGEMENT AND ADAPTIVE LEARNING PROCESSES TO CREATE A COMPETITIVE ADVANTAGE IN THE LONG TERM. THIS PAPER WILL SEEK TO INVESTIGATE THE CONNECTION BETWEEN ENTREPRENEURIAL MARKETING AND INNOVATION CAPABILITIES, HOW THE TWO ELEMENTS CAN BE USED TO MOTIVATE THE PERFORMANCE OF THE HIGH-TECH STARTUPS IN THE EMERGING MARKETS. THE STUDY IS FOUNDED UPON QUANTITATIVE AND QUALITATIVE DATA GATHERING AMONG HIGH-TECH STARTUPS FOUNDERS, CEOS, AND KEY MANAGERS OF 150 STARTUPS LOCATED IN DIFFERENT EMERGING ECONOMIES. THERE WAS THE COLLECTION OF QUANTITATIVE INFORMATION IN THE FORM OF LIKERT SCALE SURVEYS WHICH MEASURED MARKETING PRACTICES IN ENTREPRENEURSHIP, INNOVATION CAPABILITIES AND EXTERNAL INFLUENCES OF GOVERNMENT SUPPORT AND EXTERNAL NETWORKS. SEMI-STRUCTURED INTERVIEWS WERE USED TO ACHIEVE QUALITATIVE DATA TO OBTAIN A MORE INSIGHT INTO THE ROLE PLAYED BY MARKETING STRATEGIES IN FACILITATING INNOVATION AND THE CHALLENGES INVOLVED IN APPLYING THESE STRATEGIES IN A RESOURCE-LIMITED CONTEXT. THE SPSS AND R WERE USED TO CONDUCT STATISTICAL ANALYSIS IN EXAMINING THE RELATIONSHIPS BETWEEN THE VARIABLES. THE RESULTS SHOWED THAT THERE EXISTED STRONG POSITIVE RELATIONSHIPS BETWEEN ENTREPRENEURIAL MARKETING PRACTICES AND INNOVATION CAPABILITIES, AND CUSTOMER ENGAGEMENT HAD THE GREATEST RELATIONSHIP WITH PRODUCT INNOVATION (0.80) AND TECHNOLOGICAL INNOVATION (0.72). THE REGRESSION SHOWED THAT ENTREPRENEURIAL MARKETING IS A SIGNIFICANT PREDICTOR OF INNOVATION PERFORMANCE, WITH MARKET ORIENTATION AND CUSTOMER ENGAGEMENT AS THE MOST IMPORTANT ONES. ALSO, MODERATION ANALYSIS IN SPSS THROUGH THE PROCESS MACRO DEMONSTRATED THAT GOVERNMENT SUPPORT AND EXTERNAL NETWORKS HAD A SIGNIFICANT MODERATING EFFECT ON THE RELATIONSHIP BETWEEN ENTREPRENEURIAL MARKETING AND INNOVATION CAPABILITIES, WHERE EXTERNAL NETWORKS HAD THE HIGHEST MODERATING EFFECT (0.45, P = 0.05). THE RESULTS SUPPORT THE RELEVANCE OF ENTREPRENEURIAL MARKETING AS AN AGENT OF INNOVATION CAPABILITIES IN HIGH-TECH STARTUPS IN EMERGING ECONOMIES.",2025.0,ARCHIVES FOR TECHNICAL SCIENCES,ARCH TECH SCI,10.70102/afts.2025.1834.341,0.0,True,14206,203010454,0,4,
25,,sap_leaf,100,"CORREA V, 2025",THE INFLUENCE OF CAUSAL AND EFFECTUAL ENTREPRENEURSHIP ON THE DIMENSIONS OF ENTREPRENEURIAL MARKETING: AN EXPLORATORY STUDY OF WOMEN ENTREPRENEURS IN BRAZIL,"PURPOSE  ALTHOUGH THE LITERATURE HAS EXAMINED THE RELATIONSHIP BETWEEN ENTREPRENEURSHIP AND ENTREPRENEURIAL MARKETING (EM), THE THEORETICAL INFLUENCE OF THE FOUR DIMENSIONS AND FIVE PRINCIPLES OF CAUSAL AND EFFECTUAL BEHAVIOR ON THE SEVEN DIMENSIONS OF EM REMAINS UNCLEAR. THIS EXPLORATORY STUDY INVESTIGATES HOW THE FOUR CAUSAL ENTREPRENEURSHIP DIMENSIONS AND FIVE EFFECTUAL ENTREPRENEURSHIP PRINCIPLES INFLUENCE THE SEVEN DIMENSIONS OF EM. DESIGN/METHODOLOGY/APPROACH  THIS STUDY EMPLOYS A QUALITATIVE, INTEGRATED, MULTIPLE-CASE STUDY DESIGN. EIGHT BRAZILIAN WOMEN ENTREPRENEURS PARTICIPATED IN THIS STUDY. FINDINGS  WOMEN ENTREPRENEURS LEVERAGE THEIR RESOURCES THROUGH BOTH CAUSAL AND EFFECTUAL BEHAVIORS. HOWEVER, THEY TEND TO INNOVATE AND EXPLORE NEW MARKETS LESS FREQUENTLY. THEIR EFFECTUAL INITIATIVES ARE PARTICULARLY NOTICEABLE IN THEIR PROACTIVE BEHAVIOR. ADDITIONALLY, THERE IS A BALANCED RELATIONSHIP BETWEEN PLANNED AND UNPLANNED PRACTICES WITH RESPECT TO VALUE CREATION AND CUSTOMER ENGAGEMENT. ORIGINALITY/VALUE  THIS STUDY ELUCIDATES THE UNDER-THEORIZED MECHANISMS OF EM BY EXAMINING HOW CAUSAL AND EFFECTUAL BEHAVIORS SHAPE ITS SEVEN DIMENSIONS. IN DOING SO, IT ALLOWS FOR THREE KEY CONTRIBUTIONS TO THE LITERATURE. FIRST, BOTH CAUSAL AND EFFECTUAL BEHAVIORS INFLUENCE EM DIMENSIONS DISTINCTLY, UNDERSCORING THE NEED TO CONSIDER BOTH TYPES FOR A COMPREHENSIVE UNDERSTANDING OF EM. SECOND, THIS STUDY IDENTIFIES WHICH DIMENSIONS OF CAUSAL BEHAVIOR AND WHICH PRINCIPLES OF EFFECTUAL BEHAVIOR MOST STRONGLY AFFECT EACH OF THE SEVEN EM DIMENSIONS, PROVIDING NEW INSIGHTS INTO THEORETICAL AND EMPIRICAL RELATIONSHIPS THAT HAVE NOT YET BEEN EXAMINED. FINALLY, WE PROPOSE FUTURE RESEARCH AGENDAS TO EXPLORE THIS FIELD AND ADDRESS THESE GAPS IN THE LITERATURE.  2026 EMERALD PUBLISHING LIMITED",2025.0,INTERNATIONAL JOURNAL OF GENDER AND ENTREPRENEURSHIP,,10.1108/IJGE-04-2025-0140,0.0,True,13468,182528459,0,30,
26,,sap_leaf,100,"CHEN YH, 2024, SUSTAINABILITY-BASEL",THE INNOVATIVE ENTREPRENEURIAL MARKETING JOURNEY AND SUSTAINABLE DEVELOPMENT OF SOUTHEAST ASIAN IMMIGRANTS,"THE SOUTHEAST ASIAN NEW IMMIGRANTS FACE SIGNIFICANT BARRIERS IN EMPLOYMENT DUE TO LANGUAGE AND CULTURAL DIFFERENCES, MAKING IT CHALLENGING FOR THEM TO FIND JOBS. CONSEQUENTLY, MANY SOUTHEAST ASIAN IMMIGRANTS HAVE TURNED TO ENTREPRENEURSHIP AS A MEANS TO ACHIEVE ECONOMIC INDEPENDENCE AND CONTRIBUTE TO THEIR FAMILY'S INCOME. THIS STUDY ADOPTS ENTREPRENEURIAL MARKETING (EM) AS A THEORETICAL LENS AND UTILIZES A PROCESS RESEARCH METHODOLOGY, BASED ON SEQUENTIALLY ORDERED EVENTS, TO EXPLORE THE ENTREPRENEURIAL JOURNEY OF IMMIGRANT MICRO AND SMALL TO MEDIUM-SIZED ENTERPRISES (SMES). EMPLOYING PURPOSIVE SAMPLING, TWENTY-TWO SOUTHEAST ASIAN IMMIGRANT ENTREPRENEURS WERE SELECTED FOR IN-DEPTH INTERVIEWS TO ENSURE DATA QUALITY THROUGH MULTIPLE DATA COLLECTION METHODS. THE RESEARCH DEVELOPED A DYNAMIC ADJUSTMENT MODEL AND MANAGEMENT MECHANISMS FOR THE ENTREPRENEURIAL MARKETING OF IMMIGRANT MICRO AND SMES. THESE FINDINGS NOT ONLY BRIDGE THEORETICAL GAPS IN IMMIGRANT ENTREPRENEURSHIP STRATEGY BUT ALSO DEEPEN THE ACADEMIC UNDERSTANDING OF THE DYNAMISM IN ENTREPRENEURIAL MARKETING. PRACTICALLY, THE OUTCOMES ASSIST IMMIGRANT MICRO AND SMALL BUSINESS ENTREPRENEURS IN DEVELOPING OPERATIONAL STRATEGIES AND SERVE AS A REFERENCE FOR GOVERNMENTAL UNITS IN CRAFTING IMMIGRANT POLICIES.",2024.0,SUSTAINABILITY,SUSTAINABILITY-BASEL,10.3390/su16072815,3.0,True,13380,180151157,0,42,
27,,sap_leaf,100,"KHASMAFKAN-NEZAM MH, 2025, SOC RESPONSIB J","THE INTERSECTION OF RESPONSIBLE LEADERSHIP AND ENTREPRENEURIAL MARKETING: THE ROLES OF ETHICAL CLIMATE, EFFECTIVE KNOWLEDGE TRANSFER AND PERSON-ORGANIZATION FIT","PURPOSETHIS STUDY AIMS TO EXPLORE HOW RESPONSIBLE LEADERSHIP (RL) DETERMINES THE TYPE AND EFFECTIVENESS OF ENTREPRENEURIAL MARKETING (EM) ACTIVITIES AND IDENTIFY KEY INTRA-ORGANIZATIONAL CAPABILITIES THAT FACILITATE THIS RELATIONSHIP, WHICH MEANS MOVING FROM THE INTRA- TO THE EXTRA-ORGANIZATIONAL ENVIRONMENT. THIS STUDY ALSO EXAMINES THE MODERATING ROLE OF PERSON-ORGANIZATION FIT (P-O FIT) ON THE IMPACT OF ETHICAL CLIMATE (EC) AND EFFECTIVE KNOWLEDGE TRANSFER (EKT) ON EM.DESIGN/METHODOLOGY/APPROACHUSING A CROSS-SECTIONAL SURVEY, DATA WERE COLLECTED FROM 100 SMALL AND MEDIUM-SIZED ENTERPRISES IN IRAN, FOCUSING ON SCIENTIFIC AND RESEARCH SECTORS. STRUCTURAL EQUATION MODELING WAS USED TO ANALYZE THE MEDIATION EFFECTS OF EC AND EKT ON THE RL-EM RELATIONSHIP, ALONGSIDE THE MODERATING INFLUENCE OF P-O FIT.FINDINGSTHE RESULTS OF THIS STUDY DEMONSTRATE THAT RL SIGNIFICANTLY PROMOTES EM, MEDIATED BY AN EC AND EKT. THE RESULTS ALSO CONFIRM THE SIGNIFICANT POSITIVE EFFECT OF EC ON EKT. FURTHERMORE, P-O FIT ENHANCES THE EFFECTS OF BOTH EC AND EKT ON EM, SUGGESTING THAT RL FOSTERS AN ENVIRONMENT CONDUCIVE TO ETHICAL PRACTICES AND KNOWLEDGE SHARING, WHICH IN TURN DRIVES MARKETING INNOVATION.RESEARCH LIMITATIONS/IMPLICATIONSTHE DIVERSITY IN SIZE, RESOURCES AND ORGANIZATIONAL STRUCTURES AMONG SMALL AND MEDIUM-SIZED ENTERPRISES STUDIED MAY ENHANCE THE GENERALIZABILITY OF THE FINDINGS; HOWEVER, IT MAY ALSO COMPLICATE THE CATEGORIZATION OF DATA AND INCREASE THE NUMBER OF OUTLIER DATA POINTS. FUTURE RESEARCH SHOULD EXPLORE VARIOUS INDUSTRIES AND USE LONGITUDINAL DESIGNS TO BETTER UNDERSTAND THE EVOLVING DYNAMICS OF THESE RELATIONSHIPS.PRACTICAL IMPLICATIONSTHIS STUDY SHOWS THAT RL IS CRUCIAL FOR EM, KNOWLEDGE TRANSFER AND A POSITIVE EC. ORGANIZATIONS SHOULD FOCUS ON EMPLOYEES' PERCEPTIONS OF ETHICS AND FOSTER AN ENVIRONMENT THAT PROMOTES COMMITMENT, TRUST, COMMUNICATION AND DEDICATION. THIS APPROACH AIDS KNOWLEDGE TRANSFER, HELPING IDENTIFY MARKET OPPORTUNITIES, INNOVATE CUSTOMER-ORIENTED SOLUTIONS AND CO-CREATE VALUE, ULTIMATELY BOOSTING MARKET SHARE. FURTHERMORE, ALIGNING INDIVIDUALS WITH ORGANIZATIONAL VALUES ENHANCES KNOWLEDGE TRANSFER AND ETHICAL PRACTICES, DRIVING MARKETING INNOVATION AND INCREASING CUSTOMER SATISFACTION.ORIGINALITY/VALUEIN TURBULENT MARKETS, COMPANIES MUST INTRODUCE QUALITY, RELIABLE PRODUCTS. HOWEVER, SHORTENED PRODUCT LIFE CYCLES AND FASTER NEW PRODUCT INTRODUCTIONS CAN LEAD TO SUPPLY FAILURES WITHOUT NEW MARKETING METHODS. THIS RESEARCH AIMS TO IDENTIFY FACTORS INFLUENCING EM AS AN INNOVATIVE APPROACH THROUGH ORGANIZATIONAL CAPABILITIES. THIS STUDY CONTRIBUTES TO THE LITERATURE BY INTEGRATING RL, EC, KNOWLEDGE TRANSFER AND P-O FIT WITHIN THE EM FRAMEWORK, OFFERING INSIGHTS INTO HOW LEADERSHIP CAN SHAPE EFFECTIVE MARKETING STRATEGIES.",2025.0,SOCIAL RESPONSIBILITY JOURNAL,SOC RESPONSIB J,10.1108/SRJ-01-2025-0008,2.0,True,12834,165791051,0,33,
28,,sap_leaf,100,"LI LY, 2023, SUSTAINABILITY-BASEL","SUSTAINABLE MICRO, SMALL, AND MEDIUM ENTERPRISES: A DEVELOPED MODEL OF ENTREPRENEURIAL MARKETING BEHAVIORS FOR THAILAND'S MSMES","THE MAIN OBJECTIVE OF THIS STUDY IS TO PROPOSE A DEVELOPED MODEL OF ENTREPRENEURIAL MARKETING BEHAVIORS FOR SUSTAINABLE MICRO, SMALL, AND MEDIUM ENTERPRISES (MSMES) IN THAILAND. THIS STUDY AIMS TO CONTRIBUTE TO THE EXISTING LITERATURE ON SUSTAINABLE BUSINESS PRACTICES AND ENTREPRENEURIAL MARKETING BEHAVIORS AFTER A DISASTER BY PROVIDING A FRAMEWORK THAT CAN BE USED FOR FUTURE RESEARCH IN THIS AREA, PARTICULARLY AFTER ECONOMIC TURBULENCE. THE RESEARCH METHOD USED IN THIS STUDY IS QUANTITATIVE. THE STUDY WAS CONDUCTED IN BANGKOK, THAILAND. PRIMARY DATA WERE COLLECTED FROM RESPONDENTS VIA A QUESTIONNAIRE USING A NON-PROBABILITY SAMPLING APPROACH (PURPOSIVE SAMPLING). A TOTAL OF 511 OUT OF 600 ISSUED ONLINE AND PAPER SURVEYS WERE SUCCESSFULLY RETURNED, CONSTITUTING AN 85% RESPONSE RATE. THE PRIMARY DATA WERE ACQUIRED FROM FIRST-HAND SOURCES OF THAI MSMES' BUSINESS OWNERS AND MANAGERS. THE HYPOTHESIS TESTING OF THIS STUDY PROVES THAT ENTREPRENEURIAL MARKETING BEHAVIORS COULD INFLUENCE BUSINESS REBOUND DURING THE COVID PERIOD. THE STUDY ALSO CONCLUDES THAT BUSINESS RESILIENCE PRACTICES MEDIATE OR CARRY THE INFLUENCE OF ENTREPRENEURIAL MARKETING BEHAVIORS ON THE BUSINESS REBOUND.",2023.0,SUSTAINABILITY,SUSTAINABILITY-BASEL,10.3390/su151713135,4.0,True,12127,148084865,0,39,
29,,sap_leaf,100,"HANOUN D, 2024",THE MODERATING ROLE OF TECHNOLOGICAL TURBULENCE IN THE EFFECT OF ENTREPRENEURIAL MARKETING ON SMES' PERFORMANCE,"THE GOAL OF THIS RESEARCH IS TO EXPLORE HOW ENTREPRENEURIAL MARKETING AFFECTS SMALL AND MEDIUM ENTERPRISES' PERFORMANCE IN JORDAN AND TO UNDERSTAND HOW TECHNOLOGICAL TURBULENCE CAN MEDIATE THE CORRELATION BETWEEN ENTREPRENEURIAL MARKETING AND SMALL AND MEDIUM ENTERPRISES' PERFORMANCE. THE RESEARCH CAN BE CLASSIFIED AS QUANTITATIVE, DESCRIPTIVE, AND CAUSE-EFFECT. MOREOVER, IT USES CONVENIENCE SAMPLING AND A CROSS-SECTION APPROACH TO GATHER DATA THROUGH A SURVEY. THE DATA WERE GATHERED FROM 211 OWNERS/MANAGERS, WHO WORK IN JORDANIAN SMES, PARTICULARLY THOSE WHO WORKED IN THE TECHNOLOGY INDUSTRY. DATA WERE ENTERED USING SPSS-25, AND THEN THE VALIDITY, NORMALITY, AND RELIABILITY WERE CHECKED BEFORE TESTING HYPOTHESES. THE FINDINGS SHOW THAT ENTREPRENEURIAL MARKETING AFFECTS SMALL AND MEDIUM ENTERPRISES' PERFORMANCE, WHERE STAKEHOLDER ORIENTATION IS RATED THE HIGHEST EFFECT, FOLLOWED BY OPPORTUNITY FOCUS AND VALUE CREATION RESPECTIVELY. CALCULATED RISK-TAKING, PRO-ACTIVENESS, RESOURCE LEVERAGING, INNOVATIVENESS, AND NETWORKING DO NOT AFFECT SMALL AND MEDIUM ENTERPRISES PERFORMANCE SIGNIFICANTLY. FURTHERMORE, RESULTS SHOWED THAT TECHNOLOGICAL TURBULENCE DID NOT ACT AS A MODERATE CORRELATION BETWEEN ENTREPRENEURIAL MARKETING AND SMALL AND MEDIUM ENTERPRISES' PERFORMANCE.  2024, WORLD SCIENTIFIC AND ENGINEERING ACADEMY AND SOCIETY. ALL RIGHTS RESERVED.",2024.0,WSEAS TRANSACTIONS ON BUSINESS AND ECONOMICS,,10.37394/23207.2024.21.214,0.0,True,8311,69773358,0,57,
30,,sap_leaf,100,"ALKUFAHY A, 2023",THE MODERATING ROLE OF SOCIAL MEDIA MARKETING ON THE RELATIONSHIP BETWEEN ENTREPRENEURIAL MARKETING STRATEGY AND BUSINESS OUTCOMES: AN EMPIRICAL STUDY IN SMES IN JORDAN,"THE CURRENT MARKETING METHODS HAVE CHANGED RESULTING IN EMERGING MARKETING ACTIVITIES AND TOOLS THAT CONTRIBUTE TO BUSINESS DEVELOPMENT AND SUCCESS. THUS, THE KEY AIM OF THIS STUDY IS TO EXAMINE THE EFFECT OF ENTREPRENEURIAL MARKETING STRATEGIES ON BUSINESS OUTCOMES OF SMALL AND MEDIUM ENTERPRISES (SMES) IN JORDAN BY EXAMINING THE MODERATION ROLE OF SOCIAL MEDIA MARKETING. THE STUDY APPLIED A QUANTITATIVE RESEARCH APPROACH BY TARGETING A SAMPLE OF 321 SMES, OWNERS, AND MANAGERS TO PARTICIPATE IN THIS STUDY USING A RANDOM SAMPLING APPROACH THROUGH A SURVEY INSTRUMENT THAT HAS BEEN DISTRIBUTED FOR THE PRIMARY DATA COLLECTION METHOD. THE RESULTS FOUND THROUGH STRUCTURAL EQUATION MODELING SEM SIGNIFICANT POSITIVE EFFECTS OF THE DIFFERENT ENTREPRENEURIAL MARKETING STRATEGIES (VALUE CREATION, CUSTOMER INTENSITY, OPPORTUNITY FOCUS, AND INNOVATIVENESS) ON THE BUSINESS OUTCOMES OF SMES. FURTHER, SOCIAL MEDIA MARKETING ALSO MODERATED THE RELATIONSHIP BETWEEN ENTREPRENEURIAL MARKETING STRATEGY AND BUSINESS OUTCOMES. THE DISCUSSIONS CONFIRMED THE KEY ROLE OF THESE STRATEGIES TO ACHIEVE THE BUSINESS GOALS OF THE SMES. THE STUDY IMPLICATIONS ARE RELATED TO THE THEORY AND PRACTICE OF ENTREPRENEURIAL MARKETING STRATEGIES WITH INTEGRATION THE OF SOCIAL MEDIA MARKETING TOOLS FOR GREATER SOURCES OF COMPETITIVENESS AND MARKET POSITIONING.  2023, SUCCESS CULTURE PRESS. ALL RIGHTS RESERVED.",2023.0,JOURNAL OF SYSTEM AND MANAGEMENT SCIENCES,,10.33168/JSMS.2023.0418,4.0,True,7961,64049800,0,23,
31,,sap_leaf,100,"ENTSMINGER JS, 2024, J RES MARK ENTREP","ENTREPRENEURIAL MARKETING STRATEGIES, RESOURCES AND SOCIAL DISADVANTAGE: EXPLORING THE ROLE OF RESOURCES AND MINORITY STATUS AMONG US AGROFOOD ENTERPRISES","PURPOSETHIS PAPER AIMS TO INVESTIGATE ASSOCIATIONS BETWEEN FIRM RESOURCES AND RELIANCE ON ENTREPRENEURIAL MARKETING (EM) CHANNELS AMONG AGROFOOD VENTURES. IT ACCOUNTS FOR AGROPRENEUR GENDER AND RACIAL/ETHNIC STATUS IN THE CONTEXT OF MARKETING CHANNEL PORTFOLIO COMPOSITION. THE AUTHORS EXAMINE THE ESTABLISHED ASSUMPTION THAT RESOURCE LIMITATIONS DRIVE EM AND WHETHER SOCIALLY DISADVANTAGED STATUS OF AGROPRENEURS IS ASSOCIATED WITH MARKETING STRATEGY BEYOND STANDARD RESOURCING MEASURES.DESIGN/METHODOLOGY/APPROACHUSING 2015 LOCAL FOODS MARKETING PRACTICES SURVEY DATA, THE AUTHORS APPLY LINEAR REGRESSION TO INVESTIGATE DIFFERENCES IN THE USE OF EM CHANNELS, ACCOUNTING FOR RESOURCES, SOCIAL STATUS AND OTHER FACTORS.FINDINGSLIMITED-RESOURCE VENTURES RELY MORE ON CONSUMER-ORIENTED CHANNELS THAT REQUIRE EM PRACTICES. SOCIALLY DISADVANTAGED ENTREPRENEURS FAVOR THESE CHANNELS, EVEN WHEN ACCOUNTING FOR RESOURCES. NOTABLY, VENTURES HEADED BY MEN OF COLOR RELY MORE ON THE MOST CUSTOMER-CENTRIC LOCAL FOODS MARKETING CHANNEL.RESEARCH LIMITATIONS/IMPLICATIONSFUTURE RESEARCH SHOULD INVESTIGATE HOW SOCIAL AND HUMAN CAPITAL INFLUENCES THE USE OF EM.PRACTICAL IMPLICATIONSENTREPRENEURIAL SUPPORT POLICY AND PRACTICE FOR AGROPRENEURS SHOULD BE CAUTIOUS ABOUT THE ""DOUBLE-BURDEN"" FOLK THEOREM OF INTERSECTIONAL DISADVANTAGE AND REVIEW HOW TO BEST DIRECT RESOURCES ON EM TO GROUPS MOST LIKELY TO BENEFIT.ORIGINALITY/VALUETHIS PAPER USES A UNIQUE, RESTRICTED, NATION-WIDE, FEDERAL DATA SET TO EXAMINE RELATIONSHIPS BETWEEN RESOURCE ENDOWMENTS, SOCIAL STATUS AND THE COMPOSITION OF AGROFOOD ENTERPRISES' MARKETING CHANNEL PORTFOLIOS. TO THE BEST OF THE AUTHORS' KNOWLEDGE, IT IS THE FIRST TO INCLUDE RACIAL- AND ETHNIC-MINORITY STATUS OF AGROPRENEURS AND TO ACCOUNT FOR INTERSECTIONALITY WITH GENDER.",2024.0,JOURNAL OF RESEARCH IN MARKETING AND ENTREPRENEURSHIP,J RES MARK ENTREP,10.1108/JRME-03-2023-0033,1.0,True,6711,45603620,0,30,
32,,sap_leaf,100,"BASHA M, 2023",ENTREPRENEURIAL MARKETING STRATEGY AND CUSTOMER LOYALTY: AN EMPIRICAL EVIDENCE FROM COFFEE SHOPS,"FOR MANY DECADES, THE MAIN FOCUS OF SUCCESSFUL BUSINESSES HAS BEEN CUSTOMER ORIENTATION. HOWEVER, THE ROLE OF THE ENTREPRENEUR IN SHAPING THE LANDSCAPE OF MARKETING AND BUSINESS PERFORMANCE WAS RECOGNIZED RECENTLY. ENTREPRENEURIAL MARKETING (EM) IS DESCRIBED AS THE MARKETING DONE BY ENTREPRENEURS OR BUSINESS OWNERS OF ENTREPRENEURIAL BUSINESSES BY EMPLOYING DIFFERENT STRATEGIES THAT ARE DISTINCT FROM THE TYPICAL TEXTBOOK MARKETING TO ATTRACT NEW BUSINESSES. IN EM, THE ENTREPRENEUR IS A CRUCIAL ACTOR IN THE MARKETING PROCESS (ADEL ET AL., 2020). GROUNDED ON THE CONCEPT OF ENTREPRENEURIAL MARKETING AND BUSINESS PERFORMANCE, THE AIM OF THIS STUDY REVOLVES AROUND ANALYSING THE RELATIONSHIP AMONG ENTREPRENEURIAL MARKETING, BUSINESS PERFORMANCE, ANTECEDENTS OF ENTREPRENEUR, AND CUSTOMER LOYALTY. SIX HUNDRED CUSTOMERS WHO REGULARLY VISIT THE COFFEE SHOPS IN MUWAILEH, SHARJAH, WERE A PART OF THIS STUDY. THE STUDY USED A DESCRIPTIVE RESEARCH METHOD. ENTREPRENEURIAL MARKETING WAS MEASURED USING FIVE SUB-VARIABLES NAMELY, PRODUCT STRATEGY, PRICING STRATEGY, PROMOTION STRATEGY, BEHAVIOURAL STRATEGY, AND LOCALITY/AREA CHARACTERISTICS (AL-SHAIKH, 2022). STATISTICAL TECHNIQUES LIKE DESCRIPTIVE ANALYSIS, RELIABILITY ANALYSIS, STRUCTURAL EQUATION MODELLING (SEM), AND MEAN COMPARISON TESTS WERE PERFORMED IN THIS STUDY. THE STUDY FOUND THAT ALL THE FACTORS OF ENTREPRENEURIAL MARKETING HAVE A SIGNIFICANT IMPACT ON BUSINESS PERFORMANCE. IT WAS ALSO EVIDENT FROM THE STUDY THAT THE ANTECEDENT OF ENTREPRENEUR, AS WELL AS CUSTOMER LOYALTY, HAVE A POSITIVE INFLUENCE ON BUSINESS PERFORMANCE.  2023 THE AUTHORS.",2023.0,CORPORATE AND BUSINESS STRATEGY REVIEW,,10.22495/CBSRV4I1ART16,4.0,True,6389,41359658,0,16,
33,,sap_leaf,100,"MIRZAYI S, 2025",HOW GENERATIVE AI IS RESHAPING ENTREPRENEURIAL MARKETING,"ENTREPRENEURIAL MARKETING (EM) EMPHASIZES INNOVATION, AGILITY, AND RESOURCEFULNESS IN UNCERTAIN MARKETS. WHILE ARTIFICIAL INTELLIGENCE HAS ALREADY DISRUPTED TRADITIONAL MARKETING, RECENT ADVANCES IN GENERATIVE AI (GENAI) PROMISE A MORE PROFOUND TRANSFORMATION BEYOND AUTOMATED CONTENT PRODUCTION AND PERSONALIZATION. BY ADDRESSING A KEY GAP IN THE EXISTING LITERATURE, THIS RESEARCH CONTRIBUTES TO A DEEPER UNDERSTANDING OF THE MULTIFACETED APPLICATIONS OF GENAI IN EM, OFFERING A COMPREHENSIVE PERSPECTIVE ON ITS POTENTIAL TO RESHAPE THE MARKETING LANDSCAPE. THIS PAPER PRESENTS AN INTEGRATED CONCEPTUAL FRAMEWORK THAT EXPLORES THE GENAI ROLE WITHIN EM BY LEVERAGING THE OMNIHOUSE MODEL, WHICH DECONSTRUCTS EM INTO OPPORTUNITY-SEEKING, RISK-TAKING, AND NETWORK COLLABORATION.  2025 TAYLOR & FRANCIS GROUP, LLC.",2025.0,JOURNAL OF MARKETING THEORY AND PRACTICE,,10.1080/10696679.2025.2571634,1.0,True,5935,35725390,0,24,
34,,sap_leaf,100,"NEILL S, 2025, J RES MARK ENTREP",THE INTEGRATION OF ENTREPRENEURIAL MARKETING PROCESSES AND CONTROLS,"PURPOSETHIS STUDY AIMS TO EXPLORE THE EVOLVING RELATIONSHIP BETWEEN ENTREPRENEURIAL MARKETING (EM) PROCESSES AND CONTROL MECHANISMS ACROSS THREE PHASES OF OPPORTUNITY DEVELOPMENT: EXPLORATION, EVALUATION AND EXPLOITATION. BY EXAMINING HOW CONTROL MECHANISMS RESPOND TO THE UNCERTAINTIES INHERENT IN EACH PHASE, THIS RESEARCH ILLUSTRATES HOW CONTROLS EMERGE AND ADAPT, ENABLING ENTREPRENEURS TO EFFECTIVELY NAVIGATE THE CHALLENGES SPECIFIC TO EACH STAGE OF THEIR VENTURE'S GROWTH.DESIGN/METHODOLOGY/APPROACHUSING A QUALITATIVE, INDUCTIVE APPROACH, THIS STUDY USES SEMISTRUCTURED INTERVIEWS WITH FOUNDERS OF NINE HIGH-GROWTH, EARLY-STAGE STARTUPS BASED IN CALIFORNIA. THE SELECTED VENTURES VARY BY INDUSTRY AND BUSINESS MODEL BUT SHARE EARLY MARKET TRACTION. THE GIOIA METHODOLOGY, A STRUCTURED INDUCTIVE APPROACH FOR THEME DEVELOPMENT, GUIDES DATA ANALYSIS, REVEALING HOW CONTROL MECHANISMS EVOLVE TO ADDRESS THE CHALLENGES OF EACH EM PHASE.FINDINGSCONTROLS ADAPT ACROSS THE EM PHASES, BECOMING PROGRESSIVELY STRUCTURED TO MANAGE UNCERTAINTIES. IN THE EXPLORATION PHASE, CONTROLS ARE BELIEF-DRIVEN AND FLEXIBLE, GUIDING RESOURCE ALLOCATION AND FRAMING OPPORTUNITY SPACES. DURING EVALUATION, CONTROLS BECOME MORE STRUCTURED, ALIGNING MARKET FEEDBACK WITH PRODUCT-MARKET FIT. IN THE EXPLOITATION PHASE, CONTROLS FOCUS ON SCALABILITY AND EFFICIENCY, SUPPORTING ALIGNMENT BETWEEN STRATEGIC OBJECTIVES AND OPERATIONAL CAPABILITIES.ORIGINALITY/VALUETHIS RESEARCH PROVIDES NOVEL INSIGHTS BY DEMONSTRATING THAT CONTROLS DO NOT STIFLE OPPORTUNITY DEVELOPMENT BUT RATHER EVOLVE WITH IT. THE FINDINGS CONTRIBUTE TO THEORY AND PRACTICE AT THE MARKETING/ENTREPRENEURSHIP INTERFACE, OFFERING A NUANCED UNDERSTANDING OF THE ROLE OF CONTROLS IN SUPPORTING THE EM PROCESS.",2025.0,JOURNAL OF RESEARCH IN MARKETING AND ENTREPRENEURSHIP,J RES MARK ENTREP,10.1108/JRME-06-2024-0138,1.0,True,5005,25471853,0,27,
35,,sap_leaf,100,"HANAYSHA JR, 2022, SUSTAINABILITY-BASEL",AN EXAMINATION OF ENTREPRENEURIAL MARKETING DIMENSIONS AND FIRM PERFORMANCE IN SMALL AND MEDIUM ENTERPRISES,"THE PURPOSE OF THIS STUDY WAS TO TEST THE IMPACT OF ENTREPRENEURIAL MARKETING DIMENSIONS ON FIRM PERFORMANCE IN SMALL AND MEDIUM ENTERPRISES. REQUIRED DATA WAS GATHERED USING THE QUANTITATIVE RESEARCH APPROACH. PARTICULARLY, THE PRIMARY DATA WAS OBTAINED THROUGH A STRUCTURED SURVEY FROM 153 SMES OPERATING IN SAUDI ARABIA. THE OBTAINED DATA WAS THEN ANALYZED THROUGH SPSS AND PARTIAL LEAST SQUARE (PLS-SEM) APPROACH TO CALCULATE THE VALIDITY AND RELIABILITY FOR THE MEASUREMENT ITEMS, AND ALSO TO VERIFY THE IMPACT OF ENTREPRENEURIAL MARKETING DIMENSIONS ON FIRM PERFORMANCE. THE RESULTS SHOWED THAT CUSTOMER INTENSITY AND VALUE CREATION HAVE POSITIVE EFFECTS ON FIRM PERFORMANCE. THE FINDINGS ALSO CONFIRMED THAT INNOVATIVENESS AND RESOURCE LEVERAGING ARE POSITIVELY CORRELATED WITH FIRM PERFORMANCE. HOWEVER, THE EFFECT OF RISK TAKING ON FIRM PERFORMANCE WAS FOUND INSIGNIFICANT. FINALLY, IT WAS FOUND THAT PROACTIVENESS AND OPPORTUNITY FOCUS HAVE SIGNIFICANT POSITIVE EFFECTS ON FIRM PERFORMANCE. THIS PAPER CONTRIBUTES TO RESOURCE-ADVANTAGE THEORY AND EMPIRICAL LITERATURE BY ADDRESSING EXISTING RESEARCH GAPS BETWEEN THE SELECTED DIMENSIONS OF ENTREPRENEURIAL MARKETING AND FIRM PERFORMANCE. IT ALSO CONTRIBUTES TO THE THEORY BY BRINGING NEW INSIGHTS FROM A MIDDLE EASTERN COUNTRY OWING TO THE LACK OF RESEARCH ON THIS TOPIC, PARTICULARLY IN THIS REGION.",2022.0,SUSTAINABILITY,SUSTAINABILITY-BASEL,10.3390/su141811444,11.0,True,4842,23852561,0,85,
36,,sap_leaf,100,"MAKMUR, 2023, J DISTRIB SCI",THE EFFECT OF ENTREPRENEURIAL MARKETING ON VILLAGE-OWNED ENTERPRISES PERFORMANCE DISTRIBUTION,"PURPOSE: SPECIALIZED MARKETING STRATEGIES ARE NEEDED BY LIMITED RESOURCES, SUCH AS ENTREPRENEURIAL MARKETING (EM), A MARKETING ACTIVITY BASED ON SPECIFIC CONDITIONS CHARACTERIZING VILLAGE-OWNED ENTERPRISES (VOES). THEREFORE, THIS RESEARCH AIMED TO EXAMINE THE EFFECT OF EM ON THE FINANCIAL AND NON-FINANCIAL PERFORMANCE OF VOES IN INDONESIA. RESEARCH DESIGN, DATA AND METHODOLOGY: DATA WERE COLLECTED BY DISTRIBUTING QUESTIONS ON A 5-POINT LIKERT SCALE TO 153 VOES DIRECTORS IN ROKAN HULU DISTRICT, INDONESIA. THE COLLECTED DATA WERE ANALYZED USING THE PARTIAL LEAST SQUARES STRUCTURAL EQUATION MODEL WITH SMARTPLS 3.0. RESULTS: THE RESULTS SHOWED THAT EM POSITIVELY AND SIGNIFICANTLY AFFECTED THE FINANCIAL AND NON-FINANCIAL PERFORMANCE OF VOES, AS WELL AS ON OPERATIONAL PERFORMANCE. CONCLUSIONS: EM PLAYED AN IMPORTANT ROLE IN THE IMPROVEMENT OF MANY ASPECTS OF THE PERFORMANCE OF VOES. THE INDONESIAN GOVERNMENT ALSO NEED TO CONSIDER EM VARIOUS CHARACTERISTICS WHEN RECRUITING DIRECTORS. IT IS IMPORTANT TO NOTE THAT THIS RESEARCH IS THE FIRST TO EXAMINE THE IMPACT OF EM ON VOES.",2023.0,JOURNAL OF DISTRIBUTION SCIENCE,J DISTRIB SCI,10.15722/jds.21.09.202309.55,1.0,True,4749,22953290,0,49,
37,,sap_leaf,100,"LU H, 2025",EXPLORE THE IMPORTANCE OF COMPETITIVE STRATEGY TO ENTREPRENEURIAL MARKETING AND BUSINESS PERFORMANCE,"DRAWING ON SURVEY DATA FROM 306 ENTREPRENEURS, THIS STUDY INVESTIGATES HOW INDIVIDUAL ENTREPRENEURIAL MARKETING DIMENSIONS SHAPE THE COMPETITIVE STRATEGIES OF SMALL FIRMS AND, CONSEQUENTLY, THEIR PERFORMANCE. THE RESULTS UNDERSCORE THE PIVOTAL ROLE OF INNOVATIVE MARKETING, PROACTIVE MARKETING, AND NETWORK ATTENTION IN THE DIFFERENTIATION STRATEGY, AND THE SIGNIFICANT INFLUENCE OF INNOVATIVE MARKETING, OPPORTUNITY FOCUS, RESOURCE LEVERAGING, AND RISK ACCEPTANCE ON THE COST LEADERSHIP STRATEGY. FURTHERMORE, BOTH DIFFERENTIATION AND COST LEADERSHIP STRATEGY SIGNIFICANTLY ENHANCE CORPORATE PERFORMANCE, WITH THE LATTER EXERTING A STRONGER IMPACT. MORE IMPORTANTLY, THE IMPACT OF COMPETITIVE STRATEGY ON PERFORMANCE OUTWEIGHS THE DIRECT RELATIONSHIP BETWEEN ENTREPRENEURIAL MARKETING AND PERFORMANCE. THESE FINDINGS HAVE SIGNIFICANT IMPLICATIONS FOR SMALL BUSINESS MANAGEMENT AND PROVIDE ACTIONABLE INSIGHTS FOR PRACTITIONERS IN THE FIELD OF STRATEGIC ENTREPRENEURIAL MARKETING.  2025 INTERNATIONAL COUNCIL FOR SMALL BUSINESS.",2025.0,JOURNAL OF THE INTERNATIONAL COUNCIL FOR SMALL BUSINESS,,10.1080/26437015.2025.2513961,0.0,True,4104,17189534,0,21,
38,,sap_leaf,100,"RIBEIRO AMS, 2023, REV ELETRONICA ESTRA",ENTREPRENEURIAL MARKETING OF STARTUPS: CONSTRUCTIVIST BIBLIOGRAPHIC RESEARCH BASED ON PROKNOW-C,"THE RESEARCH AIMED TO IDENTIFY THE MAIN PAPERS, AUTHORS, AND JOURNALS ON ENTREPRENEURIAL MARKETING OF STARTUPS, FROM A QUALIFIED BIBLIOGRAPHIC PORTFOLIO AND THEIR REFERENCES. TO THIS END, A BIBLIOGRAPHIC SEARCH WAS PERFORMED, USING THE PROKNOW-C (KNOWLEDGE DEVELOPMENT PROCESS - CONSTRUCTIVIST) METHOD. AS RESULT, AUDREY GILMORE; GERALD E. HILLS; IAN FILLIS; MORGAN P. MILES AND SUSSIE MORRISH ARE THE PROMINENT AUTHORS. JOURNAL OF RESEARCH IN MARKETING AND ENTREPRENEURSHIP; JOURNAL OF BUSINESS RESEARCH; EUROPEAN JOURNAL OF MARKETING AND THE INTERNATIONAL SMALL BUSINESS JOURNAL ARE THE MOST RECOGNIZED AND RECEPTIVE ON THE SUBJECT. THE PAPERS OF MORRISH, MILES AND DEACON (2010) AND MORRISH (2011) STOOD OUT.",2023.0,REVISTA ELETRONICA DE ESTRATEGIA E NEGOCIOS-REEN,REV ELETRONICA ESTRA,,0.0,True,3635,13518257,0,26,
39,,sap_leaf,100,"ANTUNES H, 2020, INT J MARKET COMMUN",ENTREPRENEURIAL MARKETING: CONCEPTUAL SYSTEMATIZATION IN ENGLISH AND PORTUGUESE LANGUAGES,"THIS STUDY AIMS TO PROVIDE A MEANINGFUL CONTRIBUTION TO THE THEORETICAL FIELD OF ENTREPRENEURIAL MARKETING (EM), BY LISTING A CONCEPTUAL SYSTEMATIZATION OF THE EM FIELD, CONSIDERING ITS EVOLUTION IN RECENT DECADES. AN EXTENSIVE SEARCH HAS BEEN CARRIED OUT IN THE DATABASE WEB OF SCIENCE WITH THE TERM ""ENTREPR * MARKETING"". THE SELECTION INCLUDED THE YEARS FROM 1900 TO 2016, IN ENGLISH AND PORTUGUESE AND THE RESEARCH WAS CONDUCTED ON 12 DECEMBER 2016. IT WAS COMPILED A BIBLIOGRAPHY OF ALL PUBLICATIONS RELATED TO THE RESEARCH (49 ARTICLES), IN THIS DATABASE. THE SYSTEMATIZATION OF CONCEPTS PRESENTED CAN BE USED BY MANAGERS IN DEFINING STRATEGY AND PLANNING POLICIES OF EM. OUR FINDINGS DETAIL THREE CLUSTERS IN EM RESEARCH, WHICH HELP IN CONTEXTUALISING THE LITERATURE REVIEW: (1) CLUSTER 1 - ENTREPRENEURIAL MARKETING PROCESS; (2) CLUSTER 2 - INTERNATIONAL NEW VENTURE; (3) CLUSTER 3 - ENTREPRENEURIAL ORIENTATION. THIS WORK CONTRIBUTES TO A BETTER UNDERSTANDING OF THE CONCEPTS, THEIR THREAD IN THE THEORETICAL FIELD, ITS EVOLUTION IN RECENT DECADES, LISTING A CONCEPTUAL SYSTEMATIZATION. THIS STUDY SEEKS TO CONVEY A LARGE THEORETICAL BASIS THAT MAY SERVE AS THE POINT OF DEPARTURE FOR FUTURE STUDIES.",2020.0,INTERNATIONAL JOURNAL OF MARKETING COMMUNICATION AND NEW MEDIA,INT J MARKET COMMUN,,2.0,True,3178,10367494,0,53,
40,,sap_leaf,100,"SAXENA G, 2025",IDENTITY WORK AND ENTREPRENEURIAL MARKETING AMONG WOMEN ENTREPRENEURS IN VIETNAM: A POSTCOLONIAL FEMINIST PERSPECTIVE,"THIS PAPER EXAMINES HOW ENTREPRENEURIAL MARKETING SHAPES AND IS SHAPED BY THE IDENTITY WORK OF WOMEN ENTREPRENEURS IN POSTCOLONIAL VIETNAM. DRAWING ON A POSTCOLONIAL FEMINIST FRAMEWORK AND 23 IN-DEPTH INTERVIEWS CONDUCTED ON UNICORN ISLAND IN THE MEKONG DELTA, THIS STUDY EXPLORES HOW WOMEN NAVIGATE GENDERED EXPECTATIONS, MORAL OBLIGATIONS AND SPIRITUAL BELIEFS IN THE CONSTRUCTION OF ENTREPRENEURIAL IDENTITIES. THE FINDINGS DEMONSTRATE THAT MARKETING OPERATES NOT MERELY AS A FUNCTIONAL BUSINESS ACTIVITY BUT AS A GENDERED AND CULTURALLY EMBEDDED PRACTICE THROUGH WHICH IDENTITY IS PERFORMED, NEGOTIATED AND LEGITIMIZED. THROUGH INFORMAL STRATEGIES SUCH AS STORYTELLING, THE MOBILIZATION OF SPIRITUAL SYMBOLISM, AND EMBODIED PERFORMANCES, WOMEN MARKET THEIR ENTERPRISES IN WAYS THAT FOREGROUND RELATIONALITY, MORALITY AND COMMUNITY BELONGING. THESE PRACTICES ENABLE WOMEN TO ESTABLISH ENTREPRENEURIAL CREDIBILITY WHILE SIMULTANEOUSLY RESISTING DOMINANT, INDIVIDUALIZED AND MASCULINIZED MODELS OF ENTREPRENEURIAL SUCCESS. BY CENTERING THE LIVED EXPERIENCES OF WOMEN IN THE GLOBAL SOUTH, THIS STUDY CONTRIBUTES TO POSTCOLONIAL FEMINIST DEBATES BY CONCEPTUALIZING ENTREPRENEURIAL MARKETING AS A KEY SITE OF GENDERED IDENTITY CONSTRUCTION WITHIN CULTURALLY AND SPIRITUALLY SITUATED CONTEXTS.  2025 JOHN WILEY & SONS LTD.",2025.0,"GENDER, WORK AND ORGANIZATION",,10.1111/GWAO.70087,0.0,True,2497,6446785,0,7,
41,,sap_leaf,100,"NWANKWO CA, 2024, FOUND MANAGE",ACHIEVING SURVIVAL OF SOCIAL ENTERPRISE THROUGH ENTREPRENEURIAL MARKETING: AN EMPIRICAL ANALYSIS OF NIGERIA,"THE APPLICATION OF ENTREPRENEURIAL MARKETING (EM) STRATEGIES TO THE SUSTAINABILITY OF PROFIT AND NON-PROFIT MAKING VENTURES HAS DRAWN CRITICS FROM PRACTITIONERS AND ACADEMIC DOMAINS. MANY HAVE ARGUED THAT EM DIMENSIONS ARE DESIGNED FOR PROFIT MARKING VENTURES AND NOT FOR PROFIT VENTURE. THIS INFORMED THE NEED TO EXAMINE THE EFFECT OF EM ON THE SURVIVAL OF SOCIAL ENTERPRISES (SES) IN NIGERIA. THE STUDY SELECTED SES STAFF IN ANAMBRA STATE, NIGERIA USING A QUANTITATIVE RESEARCH APPROACH. DATA WERE COLLECTED FROM 387 SE STAFF USING A STRUCTURED QUESTIONNAIRE. HYPOTHESES WERE TESTED USING INTERNATIONAL BUSINESS MACHINE STATISTICAL PACKAGE FOR THE SOCIAL SCIENCES (IBM-SPSS) AND INTERNATIONAL BUSINESS MACHINE -STATISTICAL PACKAGE FOR THE SOCIAL SCIENCES - ANALYSIS OF MOMENT STRUCTURES (IBM-SPSS-AMOS) VERSION 27 THAT RUNS EXPLORATORY AND CONFIRMATORY FACTOR ANALYSIS AND STRUCTURAL EQUATION MODELLING (SEM). THE FINDINGS REVEALED THAT ALL THE EM DIMENSIONS, EXCEPT MARKET SENSING, HAVE SIGNIFICANT AND POSITIVE EFFECT ON THE SURVIVAL OF SES IN NIGERIA. THEREFORE, THE STUDY CONCLUDED THAT EM HAS SIGNIFICANT EFFECT ON THE SURVIVAL OF SES IN ANAMBRA STATE, NIGERIA. THE STUDY RECOMMENDED THAT PRACTITIONERS SHOULD ADOPT AND IMPLEMENT EM DIMENSIONS AS THE BASIC ENABLERS THAT WOULD SUSTAIN THE EXISTENCE OF SES IN BOTH NIGERIA AND BEYOND.",2024.0,FOUNDATIONS OF MANAGEMENT,FOUND MANAGE,10.2478/fman-2024-0016,0.0,True,1661,2898270,0,22,
42,,sap_leaf,100,"TOLOSSA A, 2024, J INNOV ENTREPRENEURSHIP",UNVEILING THE NEXUS: THE CRUCIAL ROLE OF COMPETITIVE ADVANTAGE IN BRIDGING ENTREPRENEURIAL MARKETING PRACTICES AND SUSTAINABLE FIRM PERFORMANCE IN SMALL AND MEDIUM ENTERPRISES,"STUDIES ABOUT ENTREPRENEURIAL MARKETING LINKED WITH COMPETITIVE ADVANTAGE AND SUSTAINABILITY IN SMES ARE LIMITED IN THE EXISTING LITERATURE. THIS STUDY THEREFORE AIMED TO INVESTIGATE THE RELATIONSHIP BETWEEN ENTREPRENEURIAL MARKETING DIMENSIONS, FOCUSING ON THE MEDIATING ROLE OF COMPETITIVE ADVANTAGE, IN ENSURING THE SUSTAINABILITY OF FIRM PERFORMANCE. DESCRIPTIVE RESEARCH DESIGN COMBINED WITH EXPLANATORY RESEARCH TO EXAMINE THE RELATIONSHIPS; AND STRATIFIED SAMPLING WITH SIMPLE RANDOM SAMPLING TECHNIQUES TO SELECT THE ENTERPRISES WERE USED. DATA FROM 387 SMES IN OROMIA, ETHIOPIA WERE COLLECTED AND ANALYZED USING STRUCTURAL EQUATION MODELING (SEM). THE FINDINGS INDICATED SIGNIFICANT CONNECTIONS AMONG ENTREPRENEURIAL MARKETING PRACTICES, COMPETITIVE ADVANTAGE, AND SUSTAINABILITY OF FIRM PERFORMANCE, WITH COMPETITIVE ADVANTAGE PARTIALLY MEDIATING THE RELATIONSHIPS. THE FINDING ALSO UNDERLINED SMES THAT ARE ENTREPRENEURIAL, STRATEGIC, AND SOCIALLY RESPONSIBLE ARE BEST POSITIONED FOR LONG-TERM SUCCESS. PRACTICAL IMPLICATIONS SUGGESTED ALIGNING MARKETING PRACTICES WITH OVERALL STRATEGIES, OPTIMIZING RESOURCE USAGE, AND ENHANCING INNOVATION TO IMPROVE COMPETITIVE ADVANTAGE AND SUSTAIN FIRM PERFORMANCE. FROM A SOCIAL PERSPECTIVE, EMBRACING SUSTAINABLE PRACTICES COULD POSITIVELY IMPACT, EMPLOYMENT, ENVIRONMENTAL RESPONSIBILITY, ECONOMIC STABILITY, AND CONSUMER PERCEPTION. THE STUDY OFFERS VALUABLE INSIGHTS FOR ACADEMIA, POLICYMAKERS, AND PRACTITIONERS.  THE AUTHOR(S) 2024.",2024.0,JOURNAL OF INNOVATION AND ENTREPRENEURSHIP,J INNOV ENTREPRENEURSHIP,10.1186/S13731-024-00398-0,7.0,True,1301,1803313,0,42,
43,,sap_leaf,100,"ISTREFI A, 2025, INT J TECHNOL ENHANC",THE ROLE OF ENTREPRENEURIAL MARKETING AND DIGITAL TRANSFORMATION ON WOMEN'S ENTREPRENEURIAL INTENTIONS IN KOSOVO,"THIS STUDY AIMED TO EXPLORE HOW DIGITAL TRANSFORMATION AND ENTREPRENEURIAL MARKETING AFFECT WOMEN BUSINESS OWNERS IN AN EMERGING COUNTRY. THE OBTAINED DATA FROM BUSINESS OWNERS WERE ANALYSED USING THE STRUCTURAL EQUATION MODEL (SEM) TO DETERMINE HOW FOUR DIMENSIONS OF ENTREPRENEURIAL MARKETING, TOGETHER WITH DIGITAL TRANSFORMATION, AFFECT FIRM PERFORMANCE. THE RESEARCH SHOWS A STRONG LINK BETWEEN THE ROLE OF ENTREPRENEURIAL MARKETING (EM) ON WOMEN'S ENTREPRENEURIAL INTENTIONS AND A MODERATE EFFECT OF DIGITAL TRANSFORMATION (DT) ON WOMEN'S ENTREPRENEURIAL INTENTIONS. THE STUDY ADVANCES KNOWLEDGE AND PROVIDES A CLEARER UNDERSTANDING OF HOW ENTREPRENEURIAL MARKETING INFLUENCES WOMEN'S ENTREPRENEURIAL INTENTIONS. FUTURE STUDIES SHOULD GO FURTHER INTO THESE TOPICS TO OFFER A MORE THOROUGH KNOWLEDGE OF THE INTERACTIONS BETWEEN ENTREPRENEURIAL MARKETING, DIGITAL TRANSFORMATION, AND WOMEN-LED BUSINESSES. TO OUR KNOWLEDGE, THIS IS THE FIRST STUDY TO EXPLORE THE ROLE OF ENTREPRENEURIAL MARKETING AND DIGITAL TRANSFORMATION ON WOMEN'S ENTREPRENEURIAL INTENTIONS IN AN EMERGING COUNTRY.",2025.0,INTERNATIONAL JOURNAL OF TECHNOLOGY ENHANCED LEARNING,INT J TECHNOL ENHANC,10.1504/IJTEL.2025.145315,1.0,True,1137,1389665,0,13,
44,,sap_leaf,100,"NWANKWO CA, 2023, FOUND MANAGE",CRITICAL UNDERSTANDING OF EXISTING ENTREPRENEURIAL MARKETING MODELS: 2002 - 2022,"WITH THE CONSISTENT FAILURE OF SMALL AND MEDIUM ENTERPRISES (SMES) GLOBALLY, MANY SCHOLARS HAVE DEVELOPED ENTREPRENEURIAL MARKETING (EM) MODELS THAT ARE AIMED AT REDUCING THE FAILURE FREQUENTLY EXPERIENCED. THE AIM OF THIS PAPER IS TO CRITICALLY REVIEW THE DIFFERENT EM MODELS FROM 2002 TO 2022. IN PURSUIT OF THIS AIM, THE PAPER REVIEWED 10 EM MODELS TO FIND OUT THEIR STRENGTHS AND SHORTFALLS. THE REVIEW FOUND THAT SOME RESEARCH CONSTRUCTS SUCH AS MARKET SENSING AND TEAMWORK, WHICH WERE IGNORED, WERE IDENTIFIED AS POSING A SIGNIFICANT CONTRIBUTION TO BUSINESS SURVIVAL IN THE INTEGRATIVE EM MODEL. THE PAPER CONCLUDES THAT SINCE DIFFERENT EM MODELS HAVE BEEN DEVELOPED TO REDUCE THE CONSISTENT FAILURE OF BUSINESS, EFFORTS SHOULD BE INTENSIFIED TOWARDS ADOPTING THE INTEGRATIVE EM MODEL TO MEASURE ITS APPLICABILITY IN OTHER SECTORS AS WELL AS TO HAVE A UNIFIED AND ACCEPTABLE EM MODEL THAT WILL GROW AND SUSTAIN SMES.",2023.0,FOUNDATIONS OF MANAGEMENT,FOUND MANAGE,10.2478/fman-2023-0007,2.0,True,607,418661,0,37,
45,,sap_leaf,100,"EGGERS F, 2025, J RES MARK ENTREP","ENTREPRENEURIAL MARKETING, TECHNOLOGY, AND TRANSFORMATIVE CHANGE: EDITORIAL AND INTRODUCTION TO THE SPECIAL ISSUE","PURPOSE: THIS EDITORIAL, WRITTEN BY THE GUEST EDITORS, INTRODUCES THE SPECIAL ISSUE ON ENTREPRENEURIAL MARKETING, TECHNOLOGY, AND TRANSFORMATIVE CHANGE. THE GUEST EDITORS PROVIDE BACKGROUND INFORMATION ABOUT THE THEME OF THE SPECIAL ISSUE. THEY INTRODUCE A CONCEPTUAL FRAMEWORK WHICH CAPTURES THE FOUR PAPERS OF THE SPECIAL ISSUE, BEFORE SUMMARIZING THEM. THE EDITORIAL CLOSES WITH A CONCLUSION. DESIGN/METHODOLOGY/APPROACH: THE INITIAL CALL FOR PAPERS FOR THIS SPECIAL ISSUE WENT OUT IN 2023. THE GUEST EDITORS RECEIVED 19 SUBMISSIONS. FOUR PAPERS PASSED ALL ROUNDS OF THE INDEPENDENT REVIEW PROCESS AND WERE ULTIMATELY ACCEPTED FOR PUBLICATION. THE GUEST EDITORS ORGANIZE THE FOUR PAPERS IN A COMPREHENSIVE FRAMEWORK AND SUMMARIZE THEM. FINALLY, THE GUEST EDITORS PROVIDE CONCLUSIONS. FINDINGS: THE GUEST EDITORIAL DESCRIBES HOW THE FOUR PAPERS FIT INTO A CONCEPTUAL FRAMEWORK, ADDRESSING RESEARCH QUESTIONS WITH A FOCUS ON ENTREPRENEURIAL MARKETING MINDSETS, PROCESSES AND/OR BEHAVIORS IN THE CONTEXT OF TECHNOLOGICAL ADVANCEMENTS AND TRANSFORMATIVE CHANGE. THE PAPERS PROVIDE IMPLICATIONS FOR DIFFERENT STAKEHOLDERS IN THE ENTREPRENEURIAL ECOSYSTEM. SPECIFICALLY, THEY DISCUSS HOW TECHNOLOGY HELPS ENTREPRENEURS AND NEW VENTURES ADAPT TO CHANGES IN THE ENTREPRENEURIAL ECOSYSTEM OR HOW TECHNOLOGY CAN ENACT CHANGES IN THESE SYSTEMS. ORIGINALITY/VALUE: BESIDES PROVIDING A CONCEPTUAL FRAMEWORK AND AN INTRODUCTION TO THE SPECIAL ISSUE, THIS GUEST EDITORIAL ALSO SUMMARIZES THE PAPERS APPEARING IN THE SPECIAL ISSUE. THE GUEST EDITORS PROVIDE INFORMATION ABOUT THE KEY FINDINGS OF THE FOUR PAPERS AND THE MAJOR IMPLICATIONS FOR ENTREPRENEURIAL MARKETING RESEARCH.  2025, EMERALD PUBLISHING LIMITED.",2025.0,JOURNAL OF RESEARCH IN MARKETING AND ENTREPRENEURSHIP,J RES MARK ENTREP,10.1108/JRME-03-2025-216,0.0,True,538,334258,0,5,
46,,sap_leaf,100,"ZAINUALDIN A, 2019",EXAMINING ENTREPRENEURIAL MARKETING BEHAVIOURS IN SOCIAL ENTERPRISES,"PURPOSE OF STUDY: IN THIS PAPER, THE SIGNIFICANCE AND JUSTIFICATION FOR STUDYING ENTREPRENEURSHIP, MARKETING, INNOVATION AND CUSTOMER ORIENTATION (EMICO) IN THE CONTEXT OF SOCIAL ENTERPRISES IN MALAYSIA IS DISCUSSED AND ELABORATED. METHODOLOGY: EMICO IS AN EMERGING FRAMEWORK DEVELOPED BY JONES AND ROWLEY (2009) TO EXPLORE THE INTERFACE BETWEEN EACH DIMENSION IN THE CONTEXT OF SMALL AND MEDIUM-SIZED ENTERPRISES (SMES). PAST STUDIES ARE REVIEWED TO DESCRIBE AND EXPLAIN THE DIMENSIONS OF THE EMICO FRAMEWORK. IN ADDITION, LITERATURE RELATING TO THE CHARACTERISTICS OF SMES AND ENTREPRENEURS ARE REVIEWED TO BUILD THE BASIS FOR STUDYING THEIR DIRECT EFFECTS ON THE VENTURES EMICO. RESULTS: THE PAPER PUTS FORWARD PROPOSITIONS TO TEST AND VALIDATE THE RELATIONSHIP BETWEEN THE VARIABLES FOR FUTURE EMPIRICAL RESEARCH.  ZAINUALDIN ET AL.",2019.0,HUMANITIES AND SOCIAL SCIENCES REVIEWS,,10.18510/HSSR.2019.7249,0.0,True,337,142609,0,57,
47,,sap_leaf,100,"RIZVANDI A, 2019, J HUM SPORT EXERC",ENTREPRENEURIAL MARKETING EFFECTS ON SPORT CLUB MANAGER PERFORMANCE (CONCEPTUAL MODEL),"SINCE SPORT ENTREPRENEURSHIP HAS RECENTLY BEEN PROVED CRITICAL TO THE SPORT INDUSTRY SUCCESS, HEREIN, WE TESTED CONCEPTUAL MODEL OF ENTREPRENEURIAL MARKETING FOR SPORT CLUB MANAGERS IN TEHRAN, IRAN. IN ORDER TO ASSESS ENTREPRENEURIAL MARKETING, CLUB NATURE, PERFORMANCE SCALE, MARKET ORIENTATION, AND ENTREPRENEURSHIP ORIENTATION, STANDARDIZED METHODS OF MEASUREMENTS WERE APPLIED. THE FACE AND CONTENT VALIDITY OF THE RESEARCH TOOLS WERE CONFIRMED BY EXPERTS OF SPORT MARKETING WHILE THE CONSTRUCT VALIDITY WAS AFFIRMED BY CONFIRMATORY FACTOR ANALYSIS (CFA). STRUCTURAL EQUATION MODELLING (SME) WAS ESTIMATED USING PARTIAL LEAST SQUARES METHOD IN SMART PLS SOFTWARE. OUR RESULTS DEMONSTRATED THAT EXCEPT FOR ENTREPRENEURSHIP ORIENTATION, THERE WAS A POSITIVE AND SIGNIFICANT RELATIONSHIP BETWEEN ALL VARIABLES AND ORGANIZATIONAL PERFORMANCE. MOREOVER, A POSITIVE AND SIGNIFICANT RELATIONSHIP WAS ALSO DETECTED BETWEEN ALL VARIABLES, EXCEPT FOR MARKET ORIENTATION, AND ENTREPRENEURIAL MARKETING. ACCORDING TO THE GOODNESS OF FIT, THE MODEL FITNESS WAS GOOD (0.621).",2019.0,JOURNAL OF HUMAN SPORT AND EXERCISE,J HUM SPORT EXERC,10.14198/jhse.2019.14.Proc5.47,2.0,True,322,132184,0,29,
48,,sap_leaf,100,"SARABDEEN J, 2025",SAUDI ARABIAN LEGAL FRAMEWORK ON THE USE OF SOCIAL MEDIA IN ENTREPRENEURIAL MARKETING,"ENTREPRENEURIAL MARKETING (EM) IS A TYPE OF MARKETING WHERE ENTREPRENEURS PROACTIVELY EXPLORE AND IDENTIFY CUSTOMERS AND RETAIN THEM USING INNOVATION. LIMITED RESOURCES, EXPERTISE, AND FUNDING DRIVE MANY ENTREPRENEURS TOWARDS EM. AS AN INTEGRAL PART OF EM, ENTREPRENEURS USE SOCIAL MEDIA, THOUGH IT BRINGS SOME LEGAL RISKS. THUS, THIS RESEARCH TRIED TO ANALYZE THE LAWS THAT ENTREPRENEURS SHOULD UNDERSTAND BEFORE EMBARKING ON EM IN SAUDI ARABIA. THE OBJECTIVE OF THE STUDY IS TO ASSESS THE APPLICABLE LAW IN THE USE OF SOCIAL MEDIA FOR EM AND ADVISE THE BUSINESS ON THE ACCEPTABLE USE OF SOCIAL MEDIA IN EM USING A SYSTEMATIC ANALYSIS OF LAW AND LEGAL CONTENT ANALYSIS. THE RESEARCH USED A SYSTEMATIC LITERATURE REVIEW TO DERIVE AND UNDERSTAND THEMES, CONTENT, AND GAPS IN THE LITERATURE. IT ALSO USED LEGAL CONTENT ANALYSIS TO IDENTIFY, INTERPRET, AND ANALYZE THE LAWS AND RULES, AND SUBSEQUENTLY ADVISE THE BUSINESSES THAT ARE USING SOCIAL MEDIA IN EM. THE FINDING SUGGESTED A LACK OF LITERATURE ON THE USE OF SOCIAL MEDIA IN EM AND THE LAWS THAT REGULATE EM IN SAUDI ARABIA. THE LEGAL CONTENT REVEALED THAT MARKETERS NEED TO PLAN THEIR MARKETING MATERIAL, CONTENT, AND INFLUENCERS TO AVOID LEGAL RISKS. THEY ALSO NEED TO CAREFULLY ASSESS THE COMPETITION STRATEGIES AND LICENSING REGIME. ANY VIOLATION COULD LEAD TO CIVIL AND CRIMINAL LIABILITIES. THE RESEARCH FILLED THE GAP ON THE ISSUE RELATED TO THE LEGAL RISK INVOLVED IN USING SOCIAL MEDIA FOR EM. THE ARTICLE SUGGESTED VARIOUS POLICIES AND PRACTICE GUIDELINES TO ADDRESS INTELLECTUAL PROPERTY RIGHTS, COMPETITION, DIGITAL CONTENT, AND E-COMMERCE.  2025 THE AUTHOR.",2025.0,SOCIAL SCIENCES AND HUMANITIES OPEN,,10.1016/J.SSAHO.2025.102242,0.0,True,321,131270,0,24,
49,,sap_leaf,100,"HAKEMZADEH F, 2020, INT J NONLINEAR ANAL",PROVIDING A QUANTITATIVE MODEL FOR MANAGEMENT OF ENTREPRENEURIAL MARKETING IN THE MICROELECTRONICS INDUSTRY,"NOWADAYS, ORGANIZATIONS THAT COMBINE MARKETING AND ENTREPRENEURIAL ACTIVITIES ACT BETTER IN DISCOVERING AND EXPLOITING NEW OPPORTUNITIES OF THE MARKET. ONE OF THE MAIN ADVANTAGES OF THE ENTREPRENEURSHIP CONCEPT IN THE MARKETING IS ITS CAPABILITY TO RESPOND TO AN EVER-CHANGING ENVIRONMENT. WHEN ENTREPRENEURS ARE LOOKING FOR NEW OPPORTUNITIES REGARDING LIMITED RESOURCES, THEY MUST ADOPT AN INNOVATIVE APPROACH TO DEALING WITH THESE UNCERTAINTIES. THIS STUDY AIMS TO IDENTIFY, PRIORITIZE AND VALIDATE THE COMPONENTS AFFECTING ENTREPRENEURSHIP IN MARKETING IN THE MICROELECTRONICS INDUSTRY. IN THIS RESEARCH, CONFIRMATORY FACTOR ANALYSIS HAS BEEN USED TO ANALYZE THE TOOLS OF STUDY. NEXT, DESCRIPTIVE INDICATORS OF RESEARCH VARIABLES (I.E. MEAN AND STANDARD DEVIATION) HAVE BEEN REPORTED. THEN, STRUCTURAL EQUATION METHOD HAS BEEN UTILIZED IN ORDER TO EVALUATE THE CAUSAL RELATIONSHIPS BETWEEN VARIABLES. FINALLY, FRIEDMAN TEST HAS BEEN APPLIED TO PRIORITIZE THE RESEARCH VARIABLES. THE FINDINGS SHOWED THAT 22% OF EMPLOYMENT VARIANCE, 31% OF MARKET PERFORMANCE VARIANCE, 28% OF CUSTOMER ORIENTATION VARIANCE, 46% OF PRODUCT MARKETING VARIANCE, 34% OF MARKETABILITY VARIANCE AND 53% OF ENTREPRENEURIAL MARKETING VARIANCE CAN BEEN EXPLAINED BY THE VARIABLES OF THE RESEARCH MODEL. ALSO, THE FIT INDICES OBTAINED FOR THE TESTED MODEL SHOWED THAT THE RMSEA INDEX IN THE ESTIMATED MODEL HAS AN ACCEPTABLE LEVEL WITH VALUE OF 0.064 AND OTHER FIT INDICES SUCH AS CFI, GFI, NFI, AND AGFI ARE EQUAL TO 0.97, 0.94, 0.95 AND 0.92, RESPECTIVELY INDICATING GOOD LEVELS. THESE CHARACTERISTICS FOR GOODNESS OF FIT CONFIRM THAT THE DATA OF CURRENT STUDY FITS WELL WITH THE FACTOR STRUCTURE OF THE MODEL AND HENCE THE ENTREPRENEURIAL MARKETING IS VALID AND APPLICABLE IN THE MICROELECTRONICS INDUSTRY.",2020.0,INTERNATIONAL JOURNAL OF NONLINEAR ANALYSIS AND APPLICATIONS,INT J NONLINEAR ANAL,10.22075/IJNAA.2020.4749,0.0,True,285,105747,0,9,
50,,sap_leaf,100,"AL-TATE ADS, 2022, J ASIAN FINANC ECON",THE IMPACT OF MARKETING CULTURE AND RATIONAL DECISION ON ACADEMIC ENTREPRENEURSHIP AND ENTREPRENEURIAL MARKETING: FIELD RESEARCH FOR IRAQI PRIVATE COLLEGES,"THE RESEARCH AIMS TO TEST THE IMPACT OF MARKETING CULTURE AND RATIONAL DECISIONS IN ACADEMIC ENTREPRENEURSHIP DURING ENTREPRENEURIAL MARKETING BY FOCUSING ON THE MAIN PROBLEM AND THE CHALLENGES THAT IRAQI PRIVATE UNIVERSITIES FACE. THE MOST IMPORTANT OF THESE CHALLENGES IS PROBABLY THE INABILITY OF THE PRIVATE UNIVERSITIES TO KEEP PACE WITH THE DEVELOPMENT AND THE ENVIRONMENTAL CHALLENGES. THE RESEARCHER CHOSE 26 PRIVATE IRAQI UNIVERSITIES/COLLEGES FOR THE STUDY. THE SAMPLE WAS TAKEN FROM DEANS, ASSISTANT DEANS, AND HEADS OF DEPARTMENTS, WITH 310 PEOPLE DISTRIBUTED AMONG THE VARIOUS COLLEGES. THE RESEARCHER USED THE ELECTRONIC QUESTIONNAIRE AS A TOOL FOR COLLECTING INFORMATION. DATA ANALYSIS WAS BASED ON THE (SPSS) AND (AMOS) PROGRAMS. THE RESEARCHERS ARRIVED AT MANY CONCLUSIONS. THE MOST IMPORTANT FINDING WAS THE IMPACT ON BOTH THE MARKETING CULTURE AND RATIONAL DECISION ON ACADEMIC ENTREPRENEURSHIP THROUGH ENTREPRENEURIAL MARKETING. THE HIGHER ADMINISTRATION IN THE IRAQI PRIVATE UNIVERSITIES/COLLEGES ALWAYS STRIVE TO ADHERE TO THE MARKETING VALUES, NORMS AND TRADITIONS THROUGH A COMMITMENT TO RATIONAL DECISIONS TO ACHIEVE ACADEMIC ENTREPRENEURSHIP. THE HIGHER ADMINISTRATORS INCREASE THEIR COMMITMENT AND ADHERENCE TO THIS INFLUENCE BY ADHERING TO MARKETING ENTREPRENEURSHIP.",2022.0,JOURNAL OF ASIAN FINANCE ECONOMICS AND BUSINESS,J ASIAN FINANC ECON,10.13106/jafeb.2022.vol9.no4.0131,1.0,True,85,14525,0,6,
51,,sap_leaf,100,"JENSON I, 2020, J BUS RES",AN ENTREPRENEURIAL MARKETING PROCESS PERSPECTIVE OF THE ROLE OF INTERMEDIARIES IN PRODUCING INNOVATION OUTCOMES,"THE ACTIVITIES OF INNOVATION SYSTEM ACTORS, PARTICULARLY THE IMPORTANCE OF NETWORKS, ENTREPRENEURS, AND THE ROLE OF INTERMEDIARIES HAVE NOT YET BEEN INTEGRATED INTO A FRAMEWORK THAT EXPLAINS INNOVATION SYSTEM PERFORMANCE AT THE PROJECT LEVEL. THIS STUDY CONTRIBUTES BY EXPLORING THE ROLE OF THE INNOVATION SYSTEM'S ACTORS WITH RESPECT TO ITS PERFORMANCE. INNOVATION SYSTEM PERFORMANCE IS STUDIED USING MULTIPLE CASES OF PROJECTS USING STATISTICAL INFERENCE, NETWORK ANALYSIS, AND FUZZY-SET QUALITATIVE COMPARATIVE ANALYSIS. THE NUMBER OF ACTORS EFFECTIVELY INVOLVED IN PROJECTS IS POSITIVELY ASSOCIATED WITH INNOVATION SYSTEM PERFORMANCE. THE NETWORK OF RELATIONSHIPS IN THE CASE STUDY INNOVATION SYSTEM WAS RELATIVELY OPEN, SUCH THAT THE CONTRIBUTION OF SOME ACTORS ONLY BECAME AVAILABLE TO THE SYSTEM THROUGH THE CONDUIT OF OTHER ACTORS. BOTH RESEARCHERS AND INTERMEDIARIES ARE HIGHLY INVOLVED AND EFFECTIVE, AND THE INTERMEDIARIES' EFFECTIVENESS CONTRIBUTES TO INNOVATION SYSTEM PERFORMANCE. HOWEVER, THE PERCEIVED INVOLVEMENT OR EFFECTIVENESS OF THESE AND OTHER ACTORS DID NOT, ALONE, ENSURE THAT THE CONDITIONS REQUIRED FOR INNOVATION SYSTEM PERFORMANCE WERE MET. THE RESEARCH METHOD AND RESULTS APPLY TO ANY INNOVATION PROJECT, PARTICULARLY THOSE IN HIGHLY REGULATED, TECHNOLOGICAL FIELDS. THE PRESENT STUDY'S FINDINGS DEMONSTRATE THE APPLICATION OF INNOVATION SYSTEM THEORY AT THE PROJECT LEVEL. THE STUDY HAS IMPORTANT IMPLICATIONS FOR INTEGRATING ENTREPRENEURIAL MARKETING INTO INNOVATION SYSTEM POLICY AND PRACTICE.",2020.0,JOURNAL OF BUSINESS RESEARCH,J BUS RES,10.1016/j.jbusres.2019.09.054,13.0,True,8,831,0,16,
52,1,frontier_leaf,100,"OLAN F, 2026, INFORM SYST FRONT",SOCIAL ENTREPRENEURIAL MARKETING AND INNOVATION IN B2B SERVICES: BUILDING RESILIENCE WITH EXPLAINABLE ARTIFICIAL INTELLIGENCE,"EXPLAINABLE ARTIFICIAL INTELLIGENCE (XAI) AND OTHER DIGITAL TECHNOLOGIES ARE ALTERING THE NATURE OF SOCIAL ENTREPRENEURSHIP, MARKETING, AND OTHER SERVICE ACTIVITIES. THE STRUCTURES AND STRATEGIES OF ENTREPRENEURS UNDERGO RADICAL CHANGE AS A RESULT OF THE IMPACT OF XAI ON MARKETING AND INNOVATION. DESPITE THE INCREASED INTEREST IN BUSINESS TO BUSINESS (B2B) LITERATURE, THERE ARE LIMITATIONS ON HOW AND WHAT CIRCUMSTANCES THE ACTIVITIES OF B2B MARKETING ON SOCIAL ENTREPRENEURSHIP. THEREFORE, THIS STUDY OUTLINES HOW XAI WILL IMPACT B2B SERVICES BY BUILDING RESILIENCE DURING AND AFTER CRISIS EVENTS SUCH AS THE COVID-19 PANDEMIC. TO DEVELOP AN IN-DEPTH UNDERSTANDING ON THE THEORIES OF SOCIAL ENTREPRENEURSHIP, B2B MARKETING, AND EMERGING TECHNOLOGIES, THIS STUDY SET APART AND CONCEPTUALIZE RELEVANT FACTORS AND LINKAGES. THE RESULT SHOWS THAT BASED ON A SURVEY OF 295 SAMPLES OF B2B SERVICES ENTREPRENEURIAL BUSINESSES, XAI ENHANCES THE ESTABLISHMENT OF A SUSTAINABLE RESILIENCE FOR B2B MARKETING ACTIVITIES AND CONTRIBUTE TO BUILDING SOCIAL ENTREPRENEURIAL STRATEGIES FOR B2B MARKETING INNOVATION.",2026.0,INFORMATION SYSTEMS FRONTIERS,INFORM SYST FRONT,10.1007/s10796-025-10583-5,4.0,True,0,0,0,16,True
53,2,frontier_leaf,100,"BOOPATHI M, 2025",ENTREPRENEURIAL MARKETING: ANALYZING THE EFFECTS OF SOCIAL MEDIA MARKETING ON BUSINESS ENTERPRISE PERFORMANCE,"THE MOST IMPORTANT BREAKTHROUGHS FOR THE COMPANY OVER THE LAST DECADES ARE ONLINE BUSINESS MARKETING. IN SOCIAL MEDIA MARKETING, DUE TO ITS INTRICACY AND MULTIDIMENSIONALITY, TRUST HAS HISTORICALLY BEEN A PHRASE THAT HAS BEEN CHALLENGING TO QUANTIFY AND DEFINE. DESPITE THE INCREASING GROWTH OF COMMERCIAL WEBSITES, MANY CONSUMERS THINK THAT DOING BUSINESS ONLINE IS RISKIER THAN DOING IT OFFLINE. ENTREPRENEURIAL MARKETING IS AN ADVERTISING TACTICS THAT OFFER ENTREPRENEURS A MEANS TO EFFICIENTLY MANAGE THEIR FIRMS ON A TIGHT BUDGET. BECAUSE OF SOCIAL MEDIA, BUSINESSES NOW OPERATE VERY DIFFERENTLY. THIS RESEARCH EXPLORES THE SOCIAL MEDIA MARKETING STRATEGIES INFLUENCING BUSINESS ENTERPRISES PERFORMANCE. THE MARKETING STRATEGIES OF ENTREPRENEURS WERE STUDIED USING THE CRITERIA SUCH AS CUSTOMER FOCUS, INNOVATIVENESS, PROACTIVE APPROACH AND VALUE CREATION. IN ADDITION, THERE ARE TWO ESSENTIAL PORTIONS IN THIS STUDY PAPER. THE FIRST SECTION IS DATA COLLECTION, WHICH INCLUDES A PRIMARY DATA SOURCE. THE INFORMATION OF THE STUDY WAS OBTAINED FROM UTTAR PRADESHS BUSINESS OWNERS BY EMPLOYING A STANDARDISED QUESTIONNAIRE. TO OBTAIN THE DESIRED FINDINGS, SEM ANALYSIS WAS CONDUCTED USING DATA ACQUIRED FROM THE RELEVANT AUTHORITIES.  2025 INFORMA UK LIMITED, TRADING AS TAYLOR & FRANCIS GROUP.",2025.0,JOURNAL OF MARKETING COMMUNICATIONS,,10.1080/13527266.2025.2590533,0.0,True,0,0,0,17,True
54,3,frontier_leaf,100,"AMADASUN OED, 2025, SO AFR J ENTREP SMAL",EFFECT OF ENTREPRENEURIAL MARKETING ON SMES COMPETITIVE PERFORMANCE IN LESOTHO,"BACKGROUND: ENTREPRENEURIAL MARKETING (EM) IS AN IMPORTANT MARKET STRATEGIC CONCEPT THAT SMALL AND MEDIUM-SIZED ENTERPRISE (SME) OWNERS OR MANAGERS ADOPT AND PRACTISE TO DRIVE THEIR ENTERPRISES TO ATTAIN COMPETITIVE FINANCIAL PERFORMANCE. RECORDS INDICATE THAT IN THE PAST 20 YEARS LIMITED STUDIES HAVE FOCUSSED ON EM STRATEGIC CHALLENGES THAT THE BASOTHO SMES FACE IN LESOTHO. AIM: THIS STUDY AIMED TO DETERMINE THE EFFECT OF EM STRATEGIES (CUSTOMER RELATIONSHIP, STRATEGIC NETWORKING AND CUSTOMER SATISFACTION) ON THE COMPETITIVE FINANCIAL PERFORMANCE OF SMES IN SELECTED DISTRICTS OF LESOTHO. SETTING: THE DATA FOR THIS STUDY WERE COLLECTED FROM THE FOUR DISTRICTS OF BUTHA-BUTHE, LERIBE, MAFETENG AND MASERU IN LESOTHO, WHERE SME DISTRIBUTION IS HIGHER COMPARED TO OTHER DISTRICTS IN LESOTHO. METHODS: THE DESCRIPTIVE-CORRELATION RESEARCH DESIGN WAS ADOPTED USING THE QUESTIONNAIRE AS THE PRIMARY RESEARCH TOOL FOR THE DATA COLLECTION IN THE FOUR SELECTED DISTRICTS, AND THE DATA WERE ANALYSED USING DESCRIPTIVE AND INFERENTIAL STATISTICS. RESULTS: THE THREE PREDICTORS (CUSTOMER RELATIONSHIP, STRATEGIC NETWORKING AND CUSTOMER SATISFACTION) OF THE EM ESTIMATES IDENTIFIED THAT EACH PREDICTOR STATISTICALLY CONTRIBUTES SIGNIFICANTLY TO SMES' DYNAMIC MARKET OPERATION AND ATTAINING COMPETITIVE FINANCIAL PERFORMANCE. CONCLUSION: THE THREE FACTORS OF EM EXPLAIN WHY SME OWNERS OR MANAGERS SHOULD CONSIDER THE PREDICTORS AS CRITICAL AND SYNERGIC MARKET FACTORS THAT INFLUENCE THEIR ENTERPRISES TO ATTAIN COMPETITIVE FINANCIAL PERFORMANCE. CONTRIBUTION: THE RESULTS OF THIS STUDY SUGGEST (TO SME OWNERS, MANAGERS AND POLICYMAKERS) THAT THE THREE PREDICTORS OF EM ARE CRITICALLY IDIOSYNCRATIC AND HAVE A DISTINCTIVE INFLUENCE ON THE SMES' EFFECTIVE MARKET OPERATION AND ATTAINING COMPETITIVE FINANCIAL PERFORMANCE.",2025.0,SOUTHERN AFRICAN JOURNAL OF ENTREPRENEURSHIP AND SMALL BUSINESS MANAGEMENT (SAJESBM),SO AFR J ENTREP SMAL,10.4102/sajesbm.v17i1.889,2.0,True,0,0,0,6,True
