journal_id,source_title,journal
12.0,,JOURNAL OF CHEMICAL AND PHARMACEUTICAL RESEARCH
19900191906.0,ACAD MANAG ANN,ACADEMY OF MANAGEMENT ANNALS
5200152701.0,ACAD MANAG LEARN EDU,ACADEMY OF MANAGEMENT LEARNING AND EDUCATION
20191.0,ACAD MANAGE J,ACADEMY OF MANAGEMENT JOURNAL
4700152287.0,ACAD MANAGE PERSPECT,ACADEMY OF MANAGEMENT PERSPECTIVES
20206.0,ACAD MANAGE REV,ACADEMY OF MANAGEMENT REVIEW
5700168406.0,ACT LEARN HIGH EDUC,ACTIVE LEARNING IN HIGHER EDUCATION
18217.0,ACTA OECON,ACTA OECONOMICA
29424.0,ACTA PSYCHOL (AMST),ACTA PSYCHOLOGICA
26613.0,ADM POLICY MENT HLTH,ADMINISTRATION AND POLICY IN MENTAL HEALTH AND MENTAL HEALTH SERVICES RESEARCH
16036.0,ADMIN SCI QUART,ADMINISTRATIVE SCIENCE QUARTERLY
16032.0,ADMIN SOC,ADMINISTRATION & SOCIETY
4100151530.0,ADV INT MARK,ADVANCES IN INTERNATIONAL MARKETING
4100151518.0,ADV ST ENTR,"ADVANCES IN THE STUDY OF ENTREPRENEURSHIP, INNOVATION, AND ECONOMIC GROWTH"
21100376830.0,AFR J ECON MANAG STU,AFRICAN JOURNAL OF ECONOMIC AND MANAGEMENT STUDIES
15081.0,AGR HUM VALUES,AGRICULTURE AND HUMAN VALUES
15061.0,AGR SYST,AGRICULTURAL SYSTEMS
53958.0,AGREKON,AGREKON
18700156722.0,AGRIBUSINESS,AGRIBUSINESS
19700183122.0,AGRIC AGRIC SCI PROC,AGRICULTURE AND AGRICULTURAL SCIENCE PROCEDIA
71598.0,AGRIC RESOUR ECON REV,AGRICULTURAL AND RESOURCE ECONOMICS REVIEW
32845.0,AM ANTHROPOL,AMERICAN ANTHROPOLOGIST
24733.0,AM BEHAV SCI,AMERICAN BEHAVIORAL SCIENTIST
22697.0,AM ECON REV,AMERICAN ECONOMIC REVIEW
29432.0,AM EDUC RES J,AMERICAN EDUCATIONAL RESEARCH JOURNAL
16925.0,AM J COMMUN PSYCHOL,AMERICAN JOURNAL OF COMMUNITY PSYCHOLOGY
17664.0,AM J PSYCHIAT,AMERICAN JOURNAL OF PSYCHIATRY
20029.0,AM J ROENTGENOL,AMERICAN JOURNAL OF ROENTGENOLOGY
16926.0,AM J SOCIOL,AMERICAN JOURNAL OF SOCIOLOGY
15557.0,AM POLIT SCI REV,AMERICAN POLITICAL SCIENCE REVIEW
29492.0,AM PSYCHOL,AMERICAN PSYCHOLOGIST
16929.0,AM SOCIOL REV,AMERICAN SOCIOLOGICAL REVIEW
6000152720.0,AMERICAN ART,AMERICAN ART
21101041413.0,AMS REV,AMS REVIEW
21100331602.0,ANN LEIS RES,ANNALS OF LEISURE RESEARCH
28785.0,ANN NY ACAD SCI,ANNALS OF THE NEW YORK ACADEMY OF SCIENCES
23090.0,ANN OPER RES,ANNALS OF OPERATIONS RESEARCH
30718.0,ANN TOUR RES,ANNALS OF TOURISM RESEARCH
12010.0,ANNU REV PSYCHOL,ANNUAL REVIEW OF PSYCHOLOGY
16976.0,ANNU REV SOCIOL,ANNUAL REVIEW OF SOCIOLOGY
12024.0,APPL COGNITIVE PSYCH,APPLIED COGNITIVE PSYCHOLOGY
18768.0,APPL ECON,APPLIED ECONOMICS
13929.0,APPL ERGON,APPLIED ERGONOMICS
27471.0,APPL GEOGR,APPLIED GEOGRAPHY
12029.0,APPL PSYCHOL-INT REV,APPLIED PSYCHOLOGY
18136.0,APPL SOFT COMPUT,APPLIED SOFT COMPUTING
1.0,ARCH TECH SCI,ARCHIVES FOR TECHNICAL SCIENCES
21101266478.0,ARENAS OF ENTREPRENEURSHIP: WHERE NONPROFITS AND FOR-PROFIT INSTITUTIONS COMPETE,NEW DIRECTIONS FOR HIGHER EDUCATION
24142.0,ARTIF LIFE,ARTIFICIAL LIFE
21101162636.0,ARTS MARK,ARTS AND THE MARKET
18803.0,ASIA PAC BUS REV,ASIA PACIFIC BUSINESS REVIEW
4400151601.0,ASIA PAC EDUC REV,ASIA PACIFIC EDUCATION REVIEW
11400153332.0,ASIA PAC J HUM RESOU,ASIA PACIFIC JOURNAL OF HUMAN RESOURCES
21100395911.0,ASIA PAC J MARKET LO,ASIA PACIFIC JOURNAL OF MARKETING AND LOGISTICS
12117.0,ASIA PAC J TOUR RES,ASIA PACIFIC JOURNAL OF TOURISM RESEARCH
17600155227.0,ASIAN BUS MANAG,ASIAN BUSINESS & MANAGEMENT
21101080475.0,ASIAN J BUS ETHICS,ASIAN JOURNAL OF BUSINESS ETHICS
10600153312.0,ASIAN NURS RES,ASIAN NURSING RESEARCH
5700152760.0,ASSESS EVAL HIGH EDU,ASSESSMENT & EVALUATION IN HIGHER EDUCATION
18700156708.0,AUST ACCOUNT REV,AUSTRALIAN ACCOUNTING REVIEW
28408.0,AUST ECON HIST REV,AUSTRALIAN ECONOMIC HISTORY REVIEW
18881.0,AUST ECON REV,AUSTRALIAN ECONOMIC REVIEW
11700154369.0,AUST J MANAGE,AUSTRALIAN JOURNAL OF MANAGEMENT
19605.0,AUST NZ J PUBL HEAL,AUSTRALIAN AND NEW ZEALAND JOURNAL OF PUBLIC HEALTH
21101158554.0,B2B MARKETING GUIDEB,MANAGEMENT FOR PROFESSIONALS
12100154706.0,BALT J MANAG,BALTIC JOURNAL OF MANAGEMENT
12088.0,BASIC APPL SOC PSYCH,BASIC AND APPLIED SOCIAL PSYCHOLOGY
12128.0,BEHAV COGN PSYCHOTH,BEHAVIOURAL AND COGNITIVE PSYCHOTHERAPY
12125.0,BEHAV INFORM TECHNOL,BEHAVIOUR AND INFORMATION TECHNOLOGY
146223.0,BEHAV RES METHODS,BEHAVIOR RESEARCH METHODS
25709.0,BIOCYCLE,BIOCYCLE
15049.0,BIOMETRIKA,BIOMETRIKA
21100437107.0,BORSA ISTANB REV,BORSA ISTANBUL REVIEW
27170.0,BR J NURS,BRITISH JOURNAL OF NURSING
20695.0,BRAIN BEHAV IMMUN,BRAIN BEHAVIOR AND IMMUNITY
144664.0,BRIT FOOD J,BRITISH FOOD JOURNAL
12100.0,BRIT J EDUC STUD,BRITISH JOURNAL OF EDUCATIONAL STUDIES
23988.0,BRIT J EDUC TECHNOL,BRITISH JOURNAL OF EDUCATIONAL TECHNOLOGY
17743.0,BRIT J IND RELAT,BRITISH JOURNAL OF INDUSTRIAL RELATIONS
20842.0,BRIT J MANAGE,BRITISH JOURNAL OF MANAGEMENT
130158.0,BRIT J POLIT INT REL,THE BRITISH JOURNAL OF POLITICS AND INTERNATIONAL RELATIONS
21100373814.0,BRQ-BUS RES Q,BRQ BUSINESS RESEARCH QUARTERLY
26874.0,BUILD ENVIRON,BUILDING AND ENVIRONMENT
22717.0,BUS ETHICS Q,BUSINESS ETHICS QUARTERLY
20209.0,BUS HORIZ,BUSINESS HORIZONS
20143.0,BUS SOC,BUSINESS & SOCIETY
23406.0,BUS STRATEG ENVIRON,BUSINESS STRATEGY AND THE ENVIRONMENT
100147316.0,BUSINESS STRATEGY REVIEW,BUSINESS STRATEGY REVIEW
21341.0,CALIF MANAGE REV,CALIFORNIA MANAGEMENT REVIEW
21366.0,CAMB J ECON,CAMBRIDGE JOURNAL OF ECONOMICS
144986.0,CAREER DEV INT,CAREER DEVELOPMENT INTERNATIONAL
21100310071.0,CASE REP MED,CASE REPORTS IN MEDICINE
100147338.0,CASE STUDY RESEARCH: DESIGN AND METHODS,MODERN LANGUAGE JOURNAL
21101039079.0,CENT EUR MANAG J,CENTRAL EUROPEAN MANAGEMENT JOURNAL
100147301.0,CESIFO ECON STUD,CESIFO ECONOMIC STUDIES
25524.0,CHANGES,SOCIAL MARKETING QUARTERLY
24482.0,CHILD YOUTH SERV REV,CHILDREN AND YOUTH SERVICES REVIEW
18400156719.0,CHIN MANAG STUD,CHINESE MANAGEMENT STUDIES
20566.0,CHINA ECON REV,CHINA ECONOMIC REVIEW
22581.0,CIRCULATION,CIRCULATION
15018.0,CIVIL ENG,CIVIL ENGINEERING
21100198541.0,CLIM DEV,CLIMATE AND DEVELOPMENT
2.0,CLIO AM,CLIO AMERICA
21100855822.0,COGENT BUS MANAG,COGENT BUSINESS AND MANAGEMENT
12872.0,COGNITIVE PSYCHOL,COGNITIVE PSYCHOLOGY
12689.0,COMM COM INF SC,COMMUNICATIONS IN COMPUTER AND INFORMATION SCIENCE
13675.0,COMMUN ACM,COMMUNICATIONS OF THE ACM
11600153582.0,COMMUNITY DEV,COMMUNITY DEVELOPMENT
30441.0,COMPUT ELECTRON AGRIC,COMPUTERS AND ELECTRONICS IN AGRICULTURE
23269.0,COMPUT ENVIRON URBAN SYST,COMPUTERS ENVIRONMENT AND URBAN SYSTEMS
19419.0,COMPUT HUMAN BEHAV,COMPUTERS IN HUMAN BEHAVIOR
24355.0,COMPUT OPER RES,COMPUTERS & OPERATIONS RESEARCH
8000153138.0,COMPUT SCI REV,COMPUTER SCIENCE REVIEW
28461.0,COMPUT STAT DATA ANAL,COMPUTATIONAL STATISTICS & DATA ANALYSIS
13401.0,CONSCIOUS COGN,CONSCIOUSNESS AND COGNITION
13896.0,CONSTR MANAG ECON,CONSTRUCTION MANAGEMENT AND ECONOMICS
21101238109.0,CONT ISS ENTREP RES,ENTREPRENEURSHIP EDUCATION
27626.0,CONTEMP NURSE,CONTEMPORARY NURSE
91803.0,CONTRIB ECON,CONTRIBUTIONS TO ECONOMICS
21100904665.0,CONTRIB MANAG SCI,CONTRIBUTIONS TO MANAGEMENT SCIENCE
11500153401.0,CORNELL HOSP Q,CORNELL HOSPITALITY QUARTERLY
17700156775.0,CORP REPUT REV,CORPORATE REPUTATION REVIEW
21873.0,CORP SOC RESP ENV MA,CORPORATE SOCIAL RESPONSIBILITY AND ENVIRONMENTAL MANAGEMENT
21100218364.0,CREAT INNOV MANAG,CREATIVITY AND INNOVATION MANAGEMENT
21955.0,CRIT REV FOOD SCI,CRITICAL REVIEWS IN FOOD SCIENCE AND NUTRITION
14215.0,CRIT STUD MEDIA COMM,CRITICAL STUDIES IN MEDIA COMMUNICATION
6300153126.0,CULT SOCIOL,CULTURAL SOCIOLOGY
5700167676.0,CULT TRENDS,CULTURAL TRENDS
33918.0,CURR ANTHROPOL,CURRENT ANTHROPOLOGY
28324.0,CURR ISSUES TOUR,CURRENT ISSUES IN TOURISM
21100372442.0,CURR OPIN PSYCHOL,CURRENT OPINION IN PSYCHOLOGY
13479.0,CURR PSYCHOL,CURRENT PSYCHOLOGY
13477.0,CURR. DIR. PSYCHOL. SCI.,CURRENT DIRECTIONS IN PSYCHOLOGICAL SCIENCE
19700176047.0,CYBERPSYCHOL BEHAV SOC NETW,CYBERPSYCHOLOGY BEHAVIOR AND SOCIAL NETWORKING
21933.0,DECIS SUPPORT SYST,DECISION SUPPORT SYSTEMS
21926.0,DECISION SCI,DECISION SCIENCES
26365.0,DEMOGRAPHY,DEMOGRAPHY
36450.0,DES STUD,DESIGN STUDIES
14091.0,DEV CHANGE,DEVELOPMENT AND CHANGE
14103.0,DEV POLICY REV,DEVELOPMENT POLICY REVIEW
14100.0,DEV PRACT,DEVELOPMENT IN PRACTICE
21100465422.0,DIALOGUES HUM GEOGR,DIALOGUES IN HUMAN GEOGRAPHY
14119.0,DISASTERS,DISASTERS
21101138720.0,DISCOV SUSTAIN,DISCOVER SUSTAINABILITY
21100905837.0,E-NOVATION FOR COMPETITIVE ADVANTAGE IN COLLABORATIVE GLOBALIZATION: TECHNOLOGIES FOR EMERGING E-BUSINESS STRATEGIES,ADVANCES IN E-BUSINESS RESEARCH SERIES
27891.0,EARTHQ SPECTRA,EARTHQUAKE SPECTRA
28465.0,ECON DEV Q,ECONOMIC DEVELOPMENT QUARTERLY
16082.0,ECON IND DEMOCRACY,ECONOMIC AND INDUSTRIAL DEMOCRACY
10600153365.0,ECON INNOV NEW TECH,ECONOMICS OF INNOVATION AND NEW TECHNOLOGY
20002.0,ECON INQ,ECONOMIC INQUIRY
23011.0,ECON J,THE ECONOMIC JOURNAL
20023.0,ECON REC,ECONOMIC RECORD
19726.0,EDUC EVAL POLICY AN,EDUCATIONAL EVALUATION AND POLICY ANALYSIS
144955.0,EDUC INF TECHNOL (DORDR),EDUCATION AND INFORMATION TECHNOLOGIES
13563.0,EDUC PSYCHOL MEAS,EDUCATIONAL AND PSYCHOLOGICAL MEASUREMENT
4700152248.0,EDUC RES REV-NETH,EDUCATIONAL RESEARCH REVIEW
15057.0,ELECTRON COMMER R A,ELECTRONIC COMMERCE RESEARCH AND APPLICATIONS
145669.0,ELECTRON COMMER RES,ELECTRONIC COMMERCE RESEARCH
19600157911.0,ELECTRON MARK,ELECTRONIC MARKETS
21100293800.0,ELECTRONICS,ELECTRONICS
21100305282.0,EMERG ADULTHOOD,EMERGING ADULTHOOD
20642.0,EMPIR ECON,EMPIRICAL ECONOMICS
62932.0,ENERGIES,ENERGIES
10900153330.0,ENTERP INF SYST-UK,ENTERPRISE INFORMATION SYSTEMS
20662.0,ENTREP REGION DEV,ENTREPRENEURSHIP AND REGIONAL DEVELOPMENT
21100464627.0,ENTREP RES J,ENTREPRENEURSHIP RESEARCH JOURNAL
21100857389.0,ENTREPR BUS ECON REV,ENTREPRENEURIAL BUSINESS AND ECONOMICS REVIEW
100147318.0,ENTREPRENEURSHIP,ENTREPRENEURSHIP THEORY AND PRACTICE
11600154613.0,ENV HAZ,ENVIRONMENTAL HAZARDS
24519.0,ENV POLIT,ENVIRONMENTAL POLITICS
20902.0,ENVIRON DEV SUSTAIN,ENVIRONMENT DEVELOPMENT AND SUSTAINABILITY
19700201681.0,ENVIRON INNOV SOC TR,ENVIRONMENTAL INNOVATION AND SOCIETAL TRANSITIONS
13274.0,ENVIRON PLAN D,ENVIRONMENT AND PLANNING D SOCIETY AND SPACE
5000160301.0,ENVIRON QUAL MANAGE,ENVIRONMENTAL QUALITY MANAGEMENT
23918.0,ENVIRON SCI POLLUT R,ENVIRONMENTAL SCIENCE AND POLLUTION RESEARCH
26124.0,ETHNIC RACIAL STUD,ETHNIC AND RACIAL STUDIES
3.0,ETIKONOMI,ETIKONOMI
20764.0,ETR&D-EDUC TECH RES,EDUCATIONAL TECHNOLOGY RESEARCH AND DEVELOPMENT
7100153129.0,EUR ACCOUNT REV,EUROPEAN ACCOUNTING REVIEW
20749.0,EUR ECON REV,EUROPEAN ECONOMIC REVIEW
14175.0,EUR J DEV RES,EUROPEAN JOURNAL OF DEVELOPMENT RESEARCH
100147342.0,EUR J EDUC,EUROPEAN JOURNAL OF EDUCATION
11300153314.0,EUR J ENG EDUC,EUROPEAN JOURNAL OF ENGINEERING EDUCATION
21100778661.0,EUR J MANAG BUS ECON,EUROPEAN JOURNAL OF MANAGEMENT AND BUSINESS ECONOMICS
22199.0,EUR J MARKETING,EUROPEAN JOURNAL OF MARKETING
21100285725.0,EUR J RISK REGUL,EUROPEAN JOURNAL OF RISK REGULATION
300147001.0,EUR J SOC THEORY,EUROPEAN JOURNAL OF SOCIAL THEORY
36209.0,EUR J SOIL SCI,EUROPEAN JOURNAL OF SOCIAL SCIENCES
21100203911.0,EUR J TRAIN DEV,EUROPEAN JOURNAL OF TRAINING AND DEVELOPMENT
4700152304.0,EUR J WORK ORGAN PSY,EUROPEAN JOURNAL OF WORK AND ORGANIZATIONAL PSYCHOLOGY
22491.0,EUR MANAG J,EUROPEAN MANAGEMENT JOURNAL
17700156774.0,EUR MANAG REV,EUROPEAN MANAGEMENT REVIEW
13279.0,EUR PLAN STUD,EUROPEAN PLANNING STUDIES
5700160310.0,EUR POLIT SCI,EUROPEAN POLITICAL SCIENCE
35510.0,EUR REV AGRIC ECON,EUROPEAN REVIEW OF AGRICULTURAL ECONOMICS
14427.0,EUR SOCIOL REV,EUROPEAN SOCIOLOGICAL REVIEW
19700169885.0,EUR SPORT MANAG Q,EUROPEAN SPORT MANAGEMENT QUARTERLY
21100827931.0,EURASIAN BUS REV,EURASIAN ECONOMIC REVIEW
21100262310.0,EUROMED J BUS,EUROMED JOURNAL OF BUSINESS
21100886221.0,EVAL J AUSTRALAS,EVALUATION JOURNAL OF AUSTRALASIA
26602.0,EVAL PROGRAM PLANN,EVALUATION AND PROGRAM PLANNING
70397.0,EVALUATION,EVALUATION
24201.0,EXPERT SYST APPL,EXPERT SYSTEMS WITH APPLICATIONS
4000148307.0,FAM BUS REV,FAMILY BUSINESS REVIEW
21101045042.0,FIIB BUS REV,FIIB BUSINESS REVIEW
74502.0,FINANC MANAGE,FINANCIAL MANAGEMENT
15519.0,FINANC RES LETT,FINANCE RESEARCH LETTERS
24039.0,FOOD CHEM,FOOD CHEMISTRY
22577.0,FOOD CONTROL,FOOD CONTROL
35048.0,FOOD POLICY,FOOD POLICY
19500157549.0,FOOD SECUR,FOOD SECURITY
24664.0,FOREIGN AFF,FOREIGN AFFAIRS
16106.0,FORESIGHT,FORESIGHT
21100437628.0,FOUND MANAGE,FOUNDATIONS OF MANAGEMENT
7400153103.0,FRONT BUS RES CHINA,FRONTIERS OF BUSINESS RESEARCH IN CHINA
21100216571.0,FRONT PSYCHOL,FRONTIERS IN PSYCHOLOGY
21100798718.0,FRONT PUBLIC HEALTH,FRONTIERS IN PUBLIC HEALTH
25561.0,FUTURES,FUTURES
28611.0,GEOFORUM,GEOFORUM
28694.0,GEOGR J,GEOGRAPHICAL JOURNAL
17600154910.0,GLOB BUS REV,GLOBAL BUSINESS REVIEW
8300153135.0,GLOB J FLEX SYST MANAG,GLOBAL JOURNAL OF FLEXIBLE SYSTEMS MANAGEMENT
6000195381.0,GLOBAL BUSINESS AND ORGANIZATIONAL EXCELLENCE,GLOBAL BUSINESS AND ORGANIZATIONAL EXCELLENCE
36483.0,GLOBAL ENVIRON CHANG,GLOBAL ENVIRONMENTAL CHANGE
14735.0,GOV INFORM Q,GOVERNMENT INFORMATION QUARTERLY
22336.0,HARV BUS REV,HARVARD BUSINESS REVIEW
21100361200.0,HDB CROSS CULTURAL P,HEALTHCARE
21317.0,HEALTH PROMOT PRACT,HEALTH PROMOTION PRACTICE
13380.0,HEALTH SERV MANAGE RES,HEALTH SERVICES MANAGEMENT RESEARCH
21100411756.0,HELIYON,HELIYON
18787.0,HIGH EDUC,HIGHER EDUCATION
18798.0,HIGH EDUC POLICY,HIGHER EDUCATION POLICY
200147132.0,HIGHER ED EUROPE,HIGHER EDUCATION IN EUROPE
15288.0,HIST THEORY,HISTORY AND THEORY
27069.0,HUM RELAT,HUMAN RELATIONS
4700152289.0,HUM RESOUR DEV Q,HUMAN RESOURCE DEVELOPMENT QUARTERLY
7100153132.0,HUM RESOUR DEV REV,HUMAN RESOURCE DEVELOPMENT REVIEW
24719.0,HUM RESOUR MANAGE R,HUMAN RESOURCE MANAGEMENT REVIEW
21100901206.0,IAES INT J ARTIFICIA,IAES INTERNATIONAL JOURNAL OF ARTIFICIAL INTELLIGENCE
21100374601.0,IEEE ACCESS,IEEE ACCESS
21100338350.0,IEEE INTERNET THINGS J,IEEE INTERNET OF THINGS JOURNAL
19600157019.0,IEEE REV BIOMED ENG,IEEE REVIEWS IN BIOMEDICAL ENGINEERING
17359.0,IEEE T ENG MANAGE,IEEE TRANSACTIONS ON ENGINEERING MANAGEMENT
144912.0,IEEE T IND INFORM,IEEE TRANSACTIONS ON INDUSTRIAL INFORMATICS
17362.0,IEEE T KNOWL DATA EN,IEEE TRANSACTIONS ON KNOWLEDGE AND DATA ENGINEERING
17371.0,IEEE T PROF COMMUN,IEEE TRANSACTIONS ON PROFESSIONAL COMMUNICATION
21100367773.0,IEEE/CAA J AUTOM SIN,IEEE/CAA JOURNAL OF AUTOMATICA SINICA
19400157163.0,IFIP ADV INF COMM TE,IFIP ADVANCES IN INFORMATION AND COMMUNICATION TECHNOLOGY
4.0,IIM KOZHIKODE SOC MA,IIM KOZHIKODE SOCIETY & MANAGEMENT REVIEW
21101117188.0,IIM KOZHIKODE SOC MANAG REV,IIM KOZHIKODE SOCIETY & MANAGEMENT REVIEW
28945.0,IND CORP CHANGE,INDUSTRIAL AND CORPORATE CHANGE
21100835738.0,IND HIGHER EDUC,INDUSTRY AND HIGHER EDUCATION
23013.0,IND INNOV,INDUSTRY AND INNOVATION
21100241711.0,IND J MARK,INDIAN JOURNAL OF MARKETING
19680.0,IND LABOR RELAT REV,INDUSTRIAL AND LABOR RELATIONS REVIEW
22792.0,IND MARKET MANAG,INDUSTRIAL MARKETING MANAGEMENT
21100217612.0,IND ORGAN PSYCHOL-US,INDUSTRIAL AND ORGANIZATIONAL PSYCHOLOGY
15972.0,IND TEXTILA,INDUSTRIA TEXTILA
19735.0,INDIAN J MICROBIOL,INDIAN JOURNAL OF MICROBIOLOGY
21100421900.0,INF COMPUT SECUR,INFORMATION AND COMPUTER SECURITY
6400153106.0,INF DEV,INFORMATION DEVELOPMENT
145394.0,INF MANAGE,INFORMATION & MANAGEMENT
144936.0,INF SYST E-BUS MANAG,INFORMATION SYSTEMS AND E-BUSINESS MANAGEMENT
26099.0,INFORM FUSION,INFORMATION FUSION
15572.0,INFORM SYST FRONT,INFORMATION SYSTEMS FRONTIERS
12321.0,INFORM SYST J,INFORMATION SYSTEMS JOURNAL
15442.0,INFORM SYST MANAGE,INFORMATION SYSTEMS MANAGEMENT
15574.0,INFORM SYST RES,INFORMATION SYSTEMS RESEARCH
14789.0,INFORM TECHNOL DEV,INFORMATION TECHNOLOGY FOR DEVELOPMENT
144639.0,INFORM TECHNOL MANAG,INFORMATION TECHNOLOGY AND MANAGEMENT
21101234810.0,INFORMS J APPL ANAL,INFORMS JOURNAL ON APPLIED ANALYTICS
21100899296.0,INNOV MARKET,INNOVATIVE MARKETING
27159.0,INNOVATION (ABINGDON),INNOVATION THE EUROPEAN JOURNAL OF SOCIAL SCIENCE RESEARCH
17700155007.0,INNOVATIONS IN DIGITAL ECONOMY: THIRD INTERNATIONAL SCIENTIFIC CONFERENCE,COMMUNICATIONS IN COMPUTER AND INFORMATION SCIENCE
14699.0,INQUIRY,INQUIRY
23665.0,INT BUS REV,INTERNATIONAL BUSINESS REVIEW
4700152631.0,INT ENTREP MANAGE J,INTERNATIONAL ENTREPRENEURSHIP AND MANAGEMENT JOURNAL
19700188332.0,INT J ACAD DEV,THE INTERNATIONAL JOURNAL FOR ACADEMIC DEVELOPMENT
21101045271.0,INT J ADV APPL SCI,INTERNATIONAL JOURNAL OF ADVANCED AND APPLIED SCIENCES
5.0,INT J ADV BIOTECHNOL,INTERNATIONAL JOURNAL OF ADVANCED BIOTECHNOLOGY AND RESEARCH
17700156204.0,INT J APPL DECISION,INTERNATIONAL JOURNAL OF APPLIED DECISION SCIENCES
14875.0,INT J BEHAV NUTR PHY,INTERNATIONAL JOURNAL OF BEHAVIORAL NUTRITION AND PHYSICAL ACTIVITY
21100836589.0,INT J BUS ENVIRON,INTERNATIONAL JOURNAL OF BUSINESS ENVIRONMENT
4200151514.0,INT J BUS PERFORM MA,INTERNATIONAL JOURNAL OF BUSINESS PERFORMANCE MANAGEMENT
19951.0,INT J CONFL MANAGE,INTERNATIONAL JOURNAL OF CONFLICT MANAGEMENT
5700167235.0,INT J CONSUM STUD,INTERNATIONAL JOURNAL OF CONSUMER STUDIES
5700163951.0,INT J CULT POLICY,INTERNATIONAL JOURNAL OF CULTURAL POLICY
21100228018.0,INT J DISASTER RISK REDUCT,INTERNATIONAL JOURNAL OF DISASTER RISK REDUCTION
12100154806.0,INT J E-BUS RES,INTERNATIONAL JOURNAL OF E-BUSINESS RESEARCH
12072.0,INT J EDUC DEV,INTERNATIONAL JOURNAL OF EDUCATIONAL DEVELOPMENT
19691.0,INT J ELECTRON COMM,INTERNATIONAL JOURNAL OF ELECTRONIC COMMERCE
21100304262.0,INT J EMERG MARK,INTERNATIONAL JOURNAL OF EMERGING MARKETS
14500154757.0,INT J EMERG MED,INTERNATIONAL JOURNAL OF EMERGENCY MEDICINE
6400153116.0,INT J ENERGY SECT MANAGE,INTERNATIONAL JOURNAL OF ENERGY SECTOR MANAGEMENT
12100154510.0,INT J ENTERP INF SYST,INTERNATIONAL JOURNAL OF ENTERPRISE INFORMATION SYSTEMS
144744.0,INT J ENTREP BEHAV R,INTERNATIONAL JOURNAL OF ENTREPRENEURIAL BEHAVIOUR & RESEARCH
11.0,INT J ENTREP INNOV,THE INTERNATIONAL JOURNAL OF ENTREPRENEURSHIP AND INNOVATION
21100198209.0,INT J ENTREP VENTUR,INTERNATIONAL JOURNAL OF ENTREPRENEURIAL VENTURING
21100286465.0,INT J ENTREPRENEURSHIP INNOV,THE INTERNATIONAL JOURNAL OF ENTREPRENEURSHIP AND INNOVATION
4000148503.0,INT J ENVIRON SCI TE,INTERNATIONAL JOURNAL OF ENVIRONMENTAL SCIENCE AND TECHNOLOGY
20115.0,INT J FOOD SCI TECH,INTERNATIONAL JOURNAL OF FOOD SCIENCE & TECHNOLOGY
22706.0,INT J FORECAST,INTERNATIONAL JOURNAL OF FORECASTING
21100242611.0,INT J GEND ENTREP,INTERNATIONAL JOURNAL OF GENDER AND ENTREPRENEURSHIP
14757.0,INT J HEALTH CARE QUAL ASSUR,INTERNATIONAL JOURNAL OF HEALTH CARE QUALITY ASSURANCE
28686.0,INT J HOSP MANAG,INTERNATIONAL JOURNAL OF HOSPITALITY MANAGEMENT
24840.0,INT J HUM RESOUR MAN,THE INTERNATIONAL JOURNAL OF HUMAN RESOURCE MANAGEMENT
5800179616.0,INT J IND SYST ENG,INTERNATIONAL JOURNAL OF INDUSTRIAL AND SYSTEMS ENGINEERING
21100398003.0,INT J INF LEARN TECH,INTERNATIONAL JOURNAL OF INFORMATION AND LEARNING TECHNOLOGY
15631.0,INT J INF MANAGE,INTERNATIONAL JOURNAL OF INFORMATION MANAGEMENT
19700186887.0,INT J INF SYST CHANGE MANGE,INTERNATIONAL JOURNAL OF INFORMATION SYSTEMS AND CHANGE MANAGEMENT
21100198470.0,INT J INF SYST SUPPL,INTERNATIONAL JOURNAL OF INFORMATION SYSTEMS AND SUPPLY CHAIN MANAGEMENT
11700154321.0,INT J INNOV MANAG,INTERNATIONAL JOURNAL OF INNOVATION MANAGEMENT
19700188275.0,INT J INOV SCI,INTERNATIONAL JOURNAL OF INNOVATION SCIENCE
15496.0,INT J INTERCULT RELAT,INTERNATIONAL JOURNAL OF INTERCULTURAL RELATIONS
21100431169.0,INT J ISLAMIC MIDDLE,INTERNATIONAL JOURNAL OF ISLAMIC AND MIDDLE EASTERN FINANCE AND MANAGEMENT
12000154350.0,INT J KNOWL MANAG,INTERNATIONAL JOURNAL OF KNOWLEDGE MANAGEMENT
21100232428.0,INT J LAW MANAG,INTERNATIONAL JOURNAL OF LAW AND MANAGEMENT
4400151404.0,INT J LEARN INTELL C,INTERNATIONAL JOURNAL OF LEARNING AND INTELLECTUAL CAPITAL
19700201449.0,INT J LOGIST MANAG,THE INTERNATIONAL JOURNAL OF LOGISTICS MANAGEMENT
21100206607.0,INT J MANAG EDUC-OXF,THE INTERNATIONAL JOURNAL OF MANAGEMENT EDUCATION
20037.0,INT J MANAG REV,INTERNATIONAL JOURNAL OF MANAGEMENT REVIEWS
20201.0,INT J MANPOW,INTERNATIONAL JOURNAL OF MANPOWER
22819.0,INT J MARKET RES,INTERNATIONAL JOURNAL OF MARKET RESEARCH
21100788210.0,INT J NONPROFIT VOLU,INTERNATIONAL JOURNAL OF NONPROFIT AND VOLUNTARY SECTOR MARKETING
29232.0,INT J OCCUP SAF ERGO,INTERNATIONAL JOURNAL OF OCCUPATIONAL SAFETY AND ERGONOMICS
20039.0,INT J OPER PROD MAN,INTERNATIONAL JOURNAL OF OPERATIONS & PRODUCTION MANAGEMENT
18000156701.0,INT J PHARM HEALTHC MARK,INTERNATIONAL JOURNAL OF PHARMACEUTICAL AND HEALTHCARE MARKETING
10300153306.0,INT J PRESS POLIT,THE INTERNATIONAL JOURNAL OF PRESS/POLITICS
19165.0,INT J PROD ECON,INTERNATIONAL JOURNAL OF PRODUCTION ECONOMICS
27656.0,INT J PROD RES,INTERNATIONAL JOURNAL OF PRODUCTION RESEARCH
14896.0,INT J PSYCHOL,INTERNATIONAL JOURNAL OF PSYCHOLOGY
21101055119.0,INT J PUBLIC LEADERS,INTERNATIONAL JOURNAL OF PUBLIC LEADERSHIP
14734.0,INT J QUAL HEALTH C,INTERNATIONAL JOURNAL FOR QUALITY IN HEALTH CARE
6400153175.0,INT J SERV OPER INF,INTERNATIONAL JOURNAL OF SERVICES OPERATIONS AND INFORMATICS
23717.0,INT J SOC ECON,INTERNATIONAL JOURNAL OF SOCIAL ECONOMICS
19200157038.0,INT J SPORT MARK SPO,INTERNATIONAL JOURNAL OF SPORTS MARKETING AND SPONSORSHIP
23292.0,INT J SUST DEV WORLD,INTERNATIONAL JOURNAL OF SUSTAINABLE DEVELOPMENT & WORLD ECOLOGY
19700181207.0,INT J SUSTAINABLE ENG,INTERNATIONAL JOURNAL OF SUSTAINABLE ENGINEERING
18700156730.0,INT J TECHNOENTREPRENEURSHIP,INTERNATIONAL JOURNAL OF TECHNOENTREPRENEURSHIP
21100220379.0,INT J TECHNOL ENHANC,INTERNATIONAL JOURNAL OF TECHNOLOGY ENHANCED LEARNING
12763.0,INT J TECHNOL MANAGE,INTERNATIONAL JOURNAL OF TECHNOLOGY MANAGEMENT
21100844181.0,INT J TOUR CITIES,INTERNATIONAL JOURNAL OF TOURISM CITIES
12300154722.0,INT J TOUR RES,INTERNATIONAL JOURNAL OF TOURISM RESEARCH
13892.0,INT J URBAN REGIONAL,INTERNATIONAL JOURNAL OF URBAN AND REGIONAL RESEARCH
21100299414.0,INT J WINE BUS RES,INTERNATIONAL JOURNAL OF WINE BUSINESS RESEARCH
4400151514.0,INT LIBR ETH LAW NEW,GLOBALIZATION AND HEALTH
22839.0,INT MARKET REV,INTERNATIONAL MARKETING REVIEW
26857.0,INT MIGR REV,INTERNATIONAL MIGRATION REVIEW
15807.0,INT REV ADM SCI,INTERNATIONAL REVIEW OF ADMINISTRATIVE SCIENCES
23720.0,INT REV APPL ECON,INTERNATIONAL REVIEW OF APPLIED ECONOMICS
17385.0,INT REV FINANC ANAL,INTERNATIONAL REVIEW OF FINANCIAL ANALYSIS
17500155141.0,INT REV PUB NON MARK,INTERNATIONAL REVIEW ON PUBLIC AND NONPROFIT MARKETING
28552.0,INT SMALL BUS J,INTERNATIONAL SMALL BUSINESS JOURNAL RESEARCHING ENTREPRENEURSHIP
5800157981.0,INT STUD MANAG ORG,INTERNATIONAL STUDIES OF MANAGEMENT AND ORGANIZATION
9700153238.0,INT T OPER RES,INTERNATIONAL TRANSACTIONS IN OPERATIONAL RESEARCH
145681.0,INTERACT LEARN ENVIR,INTERACTIVE LEARNING ENVIRONMENTS
21101204531.0,INTERD J MANAGE STUD,INTERDISCIPLINARY JOURNAL OF MANAGEMENT STUDIES
19929.0,INTERFACES,INFORMS JOURNAL ON APPLIED ANALYTICS
21100920052.0,INTERNATIONAL JOURNAL OF BUSINESS AND EMERGING MARKETS,INTERNATIONAL JOURNAL OF BUSINESS AND EMERGING MARKETS
21100236611.0,INTERNATIONAL JOURNAL OF BUSINESS AND GLOBALISATION,INTERNATIONAL JOURNAL OF BUSINESS AND GLOBALISATION
11200153572.0,INTERNATIONAL JOURNAL OF BUSINESS INNOVATION AND RESEARCH,INTERNATIONAL JOURNAL OF BUSINESS INNOVATION AND RESEARCH
21100896465.0,INTERNATIONAL JOURNAL OF CUSTOMER RELATIONSHIP MARKETING AND MANAGEMENT,INTERNATIONAL JOURNAL OF CUSTOMER RELATIONSHIP MARKETING AND MANAGEMENT
21100970247.0,INTERNATIONAL JOURNAL OF DATA AND NETWORK SCIENCE,INTERNATIONAL JOURNAL OF DATA AND NETWORK SCIENCE
21100349535.0,INTERNATIONAL JOURNAL OF ECONOMICS AND BUSINESS RESEARCH,INTERNATIONAL JOURNAL OF ECONOMICS AND BUSINESS RESEARCH
21100423723.0,INTERNATIONAL JOURNAL OF ELECTRONIC BUSINESS,INTERNATIONAL JOURNAL OF ELECTRONIC BUSINESS
6200180168.0,INTERNATIONAL JOURNAL OF ELECTRONIC MARKETING AND RETAILING,INTERNATIONAL JOURNAL OF ELECTRONIC MARKETING AND RETAILING
4700152413.0,INTERNATIONAL JOURNAL OF ENTREPRENEURSHIP AND INNOVATION MANAGEMENT,INTERNATIONAL JOURNAL OF ENTREPRENEURSHIP AND INNOVATION MANAGEMENT
3900148213.0,INTERNATIONAL JOURNAL OF ENTREPRENEURSHIP AND SMALL BUSINESS,INTERNATIONAL JOURNAL OF ENTREPRENEURSHIP AND SMALL BUSINESS
4700152236.0,INTERNATIONAL JOURNAL OF GLOBALISATION AND SMALL BUSINESS,INTERNATIONAL JOURNAL OF GLOBALISATION AND SMALL BUSINESS
17700156776.0,INTERNATIONAL JOURNAL OF INFORMATION AND COMMUNICATION TECHNOLOGY,INTERNATIONAL JOURNAL OF INFORMATION AND COMMUNICATION TECHNOLOGY
4000149708.0,INTERNATIONAL JOURNAL OF MANAGEMENT AND ENTERPRISE DEVELOPMENT,INTERNATIONAL JOURNAL OF MANAGEMENT AND ENTERPRISE DEVELOPMENT
4700153105.0,INTERNATIONAL JOURNAL OF MANAGEMENT PRACTICE,INTERNATIONAL JOURNAL OF MANAGEMENT PRACTICE
21100246540.0,INTERNATIONAL JOURNAL OF TECHNOLOGY MANAGEMENT SUSTAINABLE DEVELOPMENT,INTERNATIONAL JOURNAL OF TECHNOLOGY MANAGEMENT AND SUSTAINABLE DEVELOPMENT
21100836592.0,INTERNATIONAL JOURNAL OF TECHNOLOGY MARKETING,INTERNATIONAL JOURNAL OF TECHNOLOGY MARKETING
21100220476.0,INTERNATIONAL JOURNAL OF WORK INNOVATION,INTERNATIONAL JOURNAL OF WORK INNOVATION
18686.0,INTERNATIONAL MANAGEMENT REVIEW,PSYCHIATRIC BULLETIN
15806.0,INTERNATIONAL PUBLIC MANAGEMENT JOURNAL,INTERNATIONAL PUBLIC MANAGEMENT JOURNAL
17493.0,INTERNET RES,INTERNET RESEARCH
19200157025.0,INZ EKON,ENGINEERING ECONOMICS
19900195068.0,IOP CONF SER: EARTH ENVIRON SCI,IOP CONFERENCE SERIES EARTH AND ENVIRONMENTAL SCIENCE
21100870402.0,J  SMALL BUS  ENTREP,JOURNAL OF SMALL BUSINESS & ENTREPRENEURSHIP
24385.0,J ACAD MARKET SCI,JOURNAL OF THE ACADEMY OF MARKETING SCIENCE
29857.0,J ACCOUNT RES,JOURNAL OF ACCOUNTING RESEARCH
19700166503.0,J ADV COMPUT INTELL,JOURNAL OF ADVANCED COMPUTATIONAL INTELLIGENCE AND INTELLIGENT INFORMATICS
21100892687.0,J ADV MANAG RES,JOURNAL OF ADVANCES IN MANAGEMENT RESEARCH
28186.0,J ADV NURS,JOURNAL OF ADVANCED NURSING
28179.0,J ADVERTISING,JOURNAL OF ADVERTISING
28180.0,J ADVERTISING RES,JOURNAL OF ADVERTISING RESEARCH
23817.0,J AFR BUS,JOURNAL OF AFRICAN BUSINESS
22733.0,J AFR ECON,JOURNAL OF AFRICAN ECONOMIES
21100784274.0,J AGRIBUS DEV EMERG,JOURNAL OF AGRIBUSINESS IN DEVELOPING AND EMERGING ECONOMIES
80793.0,J AGRIC APPL ECON,JOURNAL OF AGRICULTURAL AND APPLIED ECONOMICS
20532.0,J AIR TRANSP MANAG,JOURNAL OF AIR TRANSPORT MANAGEMENT
5700155578.0,J AM FOLKLORE,JOURNAL OF AMERICAN FOLKLORE
19553.0,J APPL COMMUN RES,JOURNAL OF APPLIED COMMUNICATION RESEARCH
15388.0,J APPL PSYCHOL,JOURNAL OF APPLIED PSYCHOLOGY
21100385808.0,J ASIA BUS STUD,JOURNAL OF ASIA BUSINESS STUDIES
6.0,J ASIAN FINANC ECON,JOURNAL OF ASIAN FINANCE ECONOMICS AND BUSINESS
21100307484.0,J ASSOC INF SCI TECH,JOURNAL OF THE ASSOCIATION FOR INFORMATION SCIENCE AND TECHNOLOGY
19600166403.0,J BALKAN NEAR E STUD,JOURNAL OF BALKAN AND NEAR EASTERN STUDIES
17700156769.0,J BRAND MANAG,JOURNAL OF BRAND MANAGEMENT
24342.0,J BUS ECON,JOURNAL OF BUSINESS ECONOMICS
1000147102.0,J BUS ECON MANAG,JOURNAL OF BUSINESS ECONOMICS AND MANAGEMENT
27162.0,J BUS ECON STAT,JOURNAL OF BUSINESS AND ECONOMIC STATISTICS
21100840149.0,J BUS ENTREP,JOURNAL OF BUSINESS AND ENTREPRENEURSHIP
23859.0,J BUS ETHICS,JOURNAL OF BUSINESS ETHICS
22893.0,J BUS IND MARK,JOURNAL OF BUSINESS AND INDUSTRIAL MARKETING
19700201522.0,J BUS LOGIST,JOURNAL OF BUSINESS LOGISTICS
15392.0,J BUS PSYCHOL,JOURNAL OF BUSINESS AND PSYCHOLOGY
20550.0,J BUS RES,JOURNAL OF BUSINESS RESEARCH
144826.0,J BUS STRATEGY,JOURNAL OF BUSINESS STRATEGY
23860.0,J BUS VENTUR,JOURNAL OF BUSINESS VENTURING
4700152803.0,J BUS-BUS MARK,JOURNAL OF BUSINESS-TO-BUSINESS MARKETING
23831.0,J CARDIOTHOR VASC AN,JOURNAL OF CARDIOTHORACIC AND VASCULAR ANESTHESIA
15398.0,J CAREER ASSESSMENT,JOURNAL OF CAREER ASSESSMENT
14420.0,J CAREER DEV,JOURNAL OF CAREER DEVELOPMENT
19167.0,J CLEAN PROD,JOURNAL OF CLEANER PRODUCTION
15427.0,J COGN PSYCHOTHER,JOURNAL OF COGNITIVE PSYCHOTHERAPY
15430.0,J COMMUNITY PSYCHOL,JOURNAL OF COMMUNITY PSYCHOLOGY
21101023092.0,J COMPETITIVENESS,JOURNAL OF COMPETITIVENESS
18232.0,J COMPUT-MEDIAT COMM,JOURNAL OF COMPUTER-MEDIATED COMMUNICATION
21759.0,J CONSUM AFF,JOURNAL OF CONSUMER AFFAIRS
22897.0,J CONSUM MARK,JOURNAL OF CONSUMER MARKETING
28181.0,J CONSUM PSYCHOL,JOURNAL OF CONSUMER PSYCHOLOGY
22899.0,J CONSUM RES,JOURNAL OF CONSUMER RESEARCH
15619.0,J CONTEMP ETHNOGR,JOURNAL OF CONTEMPORARY ETHNOGRAPHY
28204.0,J CONTIN EDUC NURS,THE JOURNAL OF CONTINUING EDUCATION IN NURSING
20574.0,J CONTING CRISIS MAN,JOURNAL OF CONTINGENCIES AND CRISIS MANAGEMENT
15600154710.0,J CREAT COMMUN,JOURNAL OF CREATIVE COMMUNICATIONS
12789.0,J CREATIVE BEHAV,THE JOURNAL OF CREATIVE BEHAVIOR
28970.0,J CULT ECON (DORDR),JOURNAL OF CULTURAL ECONOMICS
11700154320.0,J DEV ENTREP,JOURNAL OF DEVELOPMENTAL ENTREPRENEURSHIP
14849.0,J DEV STUD,THE JOURNAL OF DEVELOPMENT STUDIES
7.0,J E EUR CENT ASIAN R,JOURNAL OF EASTERN EUROPEAN AND CENTRAL ASIAN RESEARCH
23865.0,J ECON BEHAV ORGAN,JOURNAL OF ECONOMIC BEHAVIOR & ORGANIZATION
24378.0,J ECON BUS,JOURNAL OF ECONOMICS AND BUSINESS
21101193873.0,J ECON DEV-VIETNAM,JOURNAL OF ECONOMICS AND DEVELOPMENT
4700152637.0,J ECON INTERACT COORD,JOURNAL OF ECONOMIC INTERACTION AND COORDINATION
28988.0,J ECON MANAGE STRAT,JOURNAL OF ECONOMICS & MANAGEMENT STRATEGY
24351.0,J ECON METHODOL,JOURNAL OF ECONOMIC METHODOLOGY
22915.0,J ECON PSYCHOL,JOURNAL OF ECONOMIC PSYCHOLOGY
5200152623.0,J EDUC (BOSTON),JOURNAL ON EDUCATION
16444.0,J EDUC BEHAV STAT,JOURNAL OF EDUCATIONAL AND BEHAVIORAL STATISTICS
21100834920.0,J EDUC BUS,JOURNAL OF EDUCATION FOR BUSINESS
21100829944.0,J EDUC LIBR INF SCI,JOURNAL OF EDUCATION FOR LIBRARY AND INFORMATION SCIENCE
66374.0,J EDUC MEAS,JOURNAL OF EDUCATIONAL MEASUREMENT
12808.0,J EDUC PSYCHOL,JOURNAL OF EDUCATIONAL PSYCHOLOGY
17800156703.0,J EMPIR RES HUM RES,JOURNAL OF EMPIRICAL RESEARCH ON HUMAN RESEARCH ETHICS
21447.0,J ENGL ACAD PURP,JOURNAL OF ENGLISH FOR ACADEMIC PURPOSES
19200156950.0,J ENTERP COMMUNITIES,JOURNAL OF ENTERPRISING COMMUNITIES PEOPLE AND PLACES IN THE GLOBAL ECONOMY
21100446531.0,J ENTREP EMERG ECON,JOURNAL OF ENTREPRENEURSHIP IN EMERGING ECONOMIES
21100446524.0,J ENTREP PUBLIC POLI,JOURNAL OF ENTREPRENEURSHIP AND PUBLIC POLICY
23371.0,J ENVIRON MANAGE,JOURNAL OF ENVIRONMENTAL MANAGEMENT
15470.0,J ENVIRON PSYCHOL,JOURNAL OF ENVIRONMENTAL PSYCHOLOGY
27343.0,J ETHN MIGR STUD,JOURNAL OF ETHNIC AND MIGRATION STUDIES
22918.0,J EUROMARKETING,JOURNAL OF EUROMARKETING
28994.0,J EVOL ECON,JOURNAL OF EVOLUTIONARY ECONOMICS
12814.0,J EXTENSION,JOURNAL OF EXTENSION
21100890158.0,J FAM BUS MANAG,JOURNAL OF FAMILY BUSINESS MANAGEMENT
24379.0,J FINANC ECON,JOURNAL OF FINANCIAL ECONOMICS
28996.0,J FINANC INTERMED,JOURNAL OF FINANCIAL INTERMEDIATION
80370.0,J FINANC QUANT ANAL,JOURNAL OF FINANCIAL AND QUANTITATIVE ANALYSIS
17700156753.0,J FINANC SERV MARK,JOURNAL OF FINANCIAL SERVICES MARKETING
20607.0,J FOOD PROD MARK,JOURNAL OF FOOD PRODUCTS MARKETING
700147309.0,J GEN MANAGE,JOURNAL OF GENERAL MANAGEMENT
8.0,J GLOB ENTREP RES,JOURNAL OF GLOBAL ENTREPRENEURSHIP RESEARCH
21100435972.0,J GLOB FASH MARK,JOURNAL OF GLOBAL FASHION MARKETING
20608.0,J GLOB INF MANAG,JOURNAL OF GLOBAL INFORMATION MANAGEMENT
22925.0,J GLOB MARK,JOURNAL OF GLOBAL MARKETING
21101063734.0,J GLOB RESPONSIB,JOURNAL OF GLOBAL RESPONSIBILITY
21101052349.0,J GLOBAL BUS TECHNOL,JOURNAL OF GLOBAL BUSINESS AND TECHNOLOGY
144820.0,J HAPPINESS STUD,JOURNAL OF HAPPINESS STUDIES
15536.0,J HEALTH PSYCHOL,JOURNAL OF HEALTH PSYCHOLOGY
21101045767.0,J HOSP TOUR INSIGHTS,JOURNAL OF HOSPITALITY AND TOURISM INSIGHTS
21100255484.0,J HOSP TOUR MANAG,JOURNAL OF HOSPITALITY AND TOURISM MANAGEMENT
21100200826.0,J HUM SPORT EXERC,JOURNAL OF HUMAN SPORT AND EXERCISE
21100218004.0,J I ECON,JOURNAL OF INSTITUTIONAL ECONOMICS
21100385811.0,J INDIAN BUS RES,JOURNAL OF INDIAN BUSINESS RESEARCH
15688.0,J INF SYST,JOURNAL OF INFORMATION SYSTEMS
12815.0,J INF TECHNOL-UK,JOURNAL OF INFORMATION TECHNOLOGY
21100932830.0,J INNOV  KNOWL,JOURNAL OF INNOVATION AND KNOWLEDGE
21100901140.0,J INNOV ENTREPRENEURSHIP,JOURNAL OF INNOVATION AND ENTREPRENEURSHIP
9.0,J INNOV KNOWL,JOURNAL OF INNOVATION & KNOWLEDGE
21101066138.0,J INT BUS POLICY,JOURNAL OF INTERNATIONAL BUSINESS POLICY
24392.0,J INT BUS STUD,JOURNAL OF INTERNATIONAL BUSINESS STUDIES
4700152801.0,J INT CONSUM MARK,JOURNAL OF INTERNATIONAL CONSUMER MARKETING
21101136421.0,J INT COUNC SMALL BU,JOURNAL OF THE INTERNATIONAL COUNCIL FOR SMALL BUSINESS
14850.0,J INT DEV,JOURNAL OF INTERNATIONAL DEVELOPMENT
145670.0,J INT ENTREP,JOURNAL OF INTERNATIONAL ENTREPRENEURSHIP
20633.0,J INT MANAG,JOURNAL OF INTERNATIONAL MANAGEMENT
22944.0,J INT MARKETING,JOURNAL OF INTERNATIONAL MARKETING
17533.0,J INT MONEY FINANCE,JOURNAL OF INTERNATIONAL MONEY AND FINANCE
24363.0,J INTELL MANUF,JOURNAL OF INTELLIGENT MANUFACTURING
22928.0,J INTERACT MARK,JOURNAL OF INTERACTIVE MARKETING
4700152784.0,J INTERNET COMMER,JOURNAL OF INTERNET COMMERCE
21100236016.0,J ISLAMIC MARK,JOURNAL OF ISLAMIC MARKETING
10.0,J KNOWL ECON,JOURNAL OF THE KNOWLEDGE ECONOMY
144668.0,J KNOWL MANAG,JOURNAL OF KNOWLEDGE MANAGEMENT
20246.0,J LABOR ECON,JOURNAL OF LABOR ECONOMICS
20091.0,J MACROECON,JOURNAL OF MACROECONOMICS
28525.0,J MAGN RESON,JOURNAL OF MAGNETIC RESONANCE
21100299410.0,J MANAG HIST,JOURNAL OF MANAGEMENT HISTORY
20635.0,J MANAGE,JOURNAL OF MANAGEMENT
15700.0,J MANAGE INFORM SYST,JOURNAL OF MANAGEMENT INFORMATION SYSTEMS
20639.0,J MANAGE INQUIRY,JOURNAL OF MANAGEMENT INQUIRY
11700154614.0,J MANAGE ORGAN,JOURNAL OF MANAGEMENT & ORGANIZATION
20650.0,J MANAGE STUD,JOURNAL OF MANAGEMENT STUDIES
21100834347.0,J MARK ANAL,JOURNAL OF MARKETING ANALYTICS
22954.0,J MARK COMMUN,JOURNAL OF MARKETING COMMUNICATIONS
144957.0,J MARKET EDUC,JOURNAL OF MARKETING EDUCATION
19700187623.0,J MARKET MANAG-UK,JOURNAL OF MARKETING MANAGEMENT
22951.0,J MARKETING,JOURNAL OF MARKETING
22961.0,J MARKETING RES,JOURNAL OF MARKETING RESEARCH
20972.0,J MATER PROCESS TECH,JOURNAL OF MATERIALS PROCESSING TECHNOLOGY
21101021585.0,J MOV DISORD,JOURNAL OF MOVEMENT DISORDERS
21100264009.0,J MULTI CRITERIA DECIS ANAL,JOURNAL OF MULTI-CRITERIA DECISION ANALYSIS
15986.0,J OCCUP ENVIRON MED,JOURNAL OF OCCUPATIONAL AND ENVIRONMENTAL MEDICINE
30017.0,J OCCUP ORGAN PSYCH,JOURNAL OF OCCUPATIONAL AND ORGANIZATIONAL PSYCHOLOGY
19169.0,J OPER MANAG,JOURNAL OF OPERATIONS MANAGEMENT
22236.0,J OPER RES SOC,JOURNAL OF THE OPERATIONAL RESEARCH SOCIETY
30020.0,J ORGAN BEHAV,JOURNAL OF ORGANIZATIONAL BEHAVIOR
20670.0,J ORGAN CHANGE MANAG,JOURNAL OF ORGANIZATIONAL CHANGE MANAGEMENT
30022.0,J PERS,JOURNAL OF PERSONALITY
22965.0,J PERS SELL SALES M,JOURNAL OF PERSONAL SELLING AND SALES MANAGEMENT
30039.0,J PERS SOC PSYCHOL,JOURNAL OF PERSONALITY AND SOCIAL PSYCHOLOGY
130053.0,J PHYS: CONF SER,JOURNAL OF PHYSICS CONFERENCE SERIES
15821.0,J POLICY ANAL MANAG,JOURNAL OF POLICY ANALYSIS AND MANAGEMENT
24404.0,J POLIT ECON,JOURNAL OF POLITICAL ECONOMY
4700152786.0,J POLITICAL MARKETIN,JOURNAL OF POLITICAL MARKETING
27679.0,J PROD INNOVAT MANAG,JOURNAL OF PRODUCT INNOVATION MANAGEMENT
12100157240.0,J PUBLIC AFF,JOURNAL OF PUBLIC AFFAIRS
21100781509.0,J PUBLIC POLICY MARK,JOURNAL OF PUBLIC POLICY & MARKETING
21100205751.0,J PUBLIC TRANSPORT,JOURNAL OF PUBLIC TRANSPORTATION
21100262412.0,J RES MARK ENTREP,JOURNAL OF RESEARCH IN MARKETING AND ENTREPRENEURSHIP
30073.0,J RES PERS,JOURNAL OF RESEARCH IN PERSONALITY
17700156766.0,J REVENUE PRICING MA,JOURNAL OF REVENUE AND PRICING MANAGEMENT
21100464761.0,J RISK,THE JOURNAL OF RISK
21101089551.0,J RISK FINANC MANAG,JOURNAL OF RISK AND FINANCIAL MANAGEMENT
23434.0,J RISK RES,JOURNAL OF RISK RESEARCH
78582.0,J ROY ANTHROPOL INST,JOURNAL OF THE ROYAL ANTHROPOLOGICAL INSTITUTE
15673.0,J RURAL STUD,JOURNAL OF RURAL STUDIES
19874.0,J SCI MED SPORT,JOURNAL OF SCIENCE AND MEDICINE IN SPORT
21100374809.0,J SCI TECHNOL POLICY,JOURNAL OF SCIENCE AND TECHNOLOGY POLICY MANAGEMENT
21100983214.0,J SCIENTOMETR RES,JOURNAL OF SCIENTOMETRIC RESEARCH
19600157901.0,J SERV MANAGE,JOURNAL OF SERVICE MANAGEMENT
144974.0,J SERV RES-US,JOURNAL OF SERVICE RESEARCH
144659.0,J SMALL BUS ENTERP D,JOURNAL OF SMALL BUSINESS AND ENTERPRISE DEVELOPMENT
28581.0,J SMALL BUS MANAGE,JOURNAL OF SMALL BUSINESS MANAGEMENT
21100790347.0,J SMALL BUS STRATEGY,JOURNAL OF SMALL BUSINESS STRATEGY
19700201531.0,J SOC ENTREP,JOURNAL OF SOCIAL ENTREPRENEURSHIP
21100242210.0,J SOC MARKET,JOURNAL OF SOCIAL MARKETING
12137.0,J STAT SOFTW,JOURNAL OF STATISTICAL SOFTWARE
17900156718.0,J STRATEG MARK,JOURNAL OF STRATEGIC MARKETING
21100853248.0,J STRATEGY MANAG,JOURNAL OF STRATEGY AND MANAGEMENT
25623.0,J SUPERCOMPUT,THE JOURNAL OF SUPERCOMPUTING
100147317.0,J SUPPLY CHAIN MANAG,JOURNAL OF SUPPLY CHAIN MANAGEMENT
14811.0,J SUSTAIN TOUR,JOURNAL OF SUSTAINABLE TOURISM
20350.0,J THEOR POLIT,JOURNAL OF THEORETICAL POLITICS
11000153705.0,J TRANSNATIONAL MANA,JOURNAL OF TRANSNATIONAL MANAGEMENT
14813.0,J TRAVEL RES,JOURNAL OF TRAVEL RESEARCH
13936.0,J URBAN AFF,JOURNAL OF URBAN AFFAIRS
29405.0,J VISUAL IMPAIR BLIN,JOURNAL OF VISUAL IMPAIRMENT & BLINDNESS
145246.0,J WORKPLACE LEARN,JOURNAL OF WORKPLACE LEARNING
29400.0,J WORLD BUS,JOURNAL OF WORLD BUSINESS
21101043743.0,JORDAN J BUS ADM,JORDAN JOURNAL OF BUSINESS ADMINISTRATION
21101071183.0,JOURNAL OF ENTREPRENEURSHIP AND INNOVATION IN EMERGING ECONOMIES,JOURNAL OF ENTREPRENEURSHIP AND INNOVATION IN EMERGING ECONOMIES
4700152831.0,JOURNAL OF FOODSERVICE BUSINESS RESEARCH,JOURNAL OF FOODSERVICE BUSINESS RESEARCH
74334.0,JOURNAL OF INTERNATIONAL STUDIES,JOURNAL OF INTERNATIONAL STUDIES
4700152756.0,JOURNAL OF RELATIONSHIP MARKETING,JOURNAL OF RELATIONSHIP MARKETING
16800154724.0,JOURNAL OF VACATION MARKETING,JOURNAL OF VACATION MARKETING
38299.0,JOURNAL OF WINE RESEARCH,JOURNAL OF WINE RESEARCH
19700175150.0,JUNDISHAPUR J MICROB,JUNDISHAPUR JOURNAL OF MICROBIOLOGY
24772.0,KNOWL BASED SYST,KNOWLEDGE-BASED SYSTEMS
4700152908.0,KNOWL MAN RES PRACT,KNOWLEDGE MANAGEMENT RESEARCH & PRACTICE
17700156704.0,KNOWL PROCESS MANAG,KNOWLEDGE AND PROCESS MANAGEMENT
12981.0,KYBERNETES,KYBERNETES
16590.0,LANCET,THE LANCET
19041.0,LANDSC URBAN PLAN,LANDSCAPE AND URBAN PLANNING
60419.0,LEADERSH HEALTH SERV,LEADERSHIP IN HEALTH SERVICES
16776.0,LEADERSH MANAGE ENG,LEADERSHIP AND MANAGEMENT IN ENGINEERING
145510.0,LIBRI,LIBRI
21203.0,LONG RANGE PLANN,LONG RANGE PLANNING
7600153106.0,MALAYS J LIBR INF SC,MALAYSIAN JOURNAL OF LIBRARY & INFORMATION SCIENCE
5700153461.0,MANAG COMMUN Q,MANAGEMENT COMMUNICATION QUARTERLY
144656.0,MANAG DECIS,MANAGEMENT DECISION
21774.0,MANAG DECIS ECON,MANAGERIAL AND DECISION ECONOMICS
21100278302.0,MANAG REV Q,MANAGEMENT REVIEW QUARTERLY
12277.0,MANAGE ACCOUNT RES,MANAGEMENT ACCOUNTING RESEARCH
11000153782.0,MANAGE INT REV,JOURNAL OF INTERNATIONAL MANAGEMENT
21283.0,MANAGE LEARN,MANAGEMENT LEARNING
18700156709.0,MANAGE ORGAN REV,MANAGEMENT AND ORGANIZATION REVIEW
21307.0,MANAGE SCI,MANAGEMENT SCIENCE
21100375269.0,MANAGEMENT ACCOUNTIN,INTERNATIONAL JOURNAL OF MANAGERIAL AND FINANCIAL ACCOUNTING
23687.0,MARKET LETT,MARKETING LETTERS
23714.0,MARKET SCI,MARKETING SCIENCE
21100887523.0,MARKETING EDUCATION REVIEW,MARKETING EDUCATION REVIEW
16800154723.0,MARKETING THEOR,MARKETING THEORY
16156.0,MARRIAGE FAM REV,MARRIAGE & FAMILY REVIEW
24557.0,MATH COMPUT APPL,MATHEMATICAL AND COMPUTATIONAL APPLICATIONS
23709.0,MEDIA PERSPEKTIVEN,JOURNAL OF MEDICAL INTERNET RESEARCH
27667.0,MIDDLE EAST FERTIL S,MIDDLE EAST FERTILITY SOCIETY JOURNAL
19054.0,MIL MED,MILITARY MEDICINE
21216.0,MIT SLOAN MANAGE REV,MIT SLOAN MANAGEMENT REVIEW
19700174653.0,MOB INF SYST,MOBILE INFORMATION SYSTEMS
25627.0,MULTIMED TOOLS APPL,MULTIMEDIA TOOLS AND APPLICATIONS
5700169068.0,MULTINATL BUS REV,MULTINATIONAL BUSINESS REVIEW
12711.0,MULTIVAR BEHAV RES,MULTIVARIATE BEHAVIORAL RESEARCH
22454.0,MULTIVARIATE DATA AN,INTERNATIONAL JOURNAL OF PHARMACEUTICS
100906.0,MUS MANAGE CURATOR,MUSEUM MANAGEMENT AND CURATORSHIP
29879.0,N Z GEOGR,NEW ZEALAND GEOGRAPHER
21100448929.0,NANKAI BUS REV NT,NANKAI BUSINESS REVIEW INTERNATIONAL
51166.0,NAT HAZARD EARTH SYS,NATURAL HAZARDS AND EARTH SYSTEM SCIENCES
24129.0,NAT HAZARD REV,NATURAL HAZARDS REVIEW
23282.0,NAT HAZARDS,NATURAL HAZARDS
15819.0,NAT MED,NATURE MEDICINE
21206.0,NATURE,NATURE
21101064229.0,NEW ENGL J ENTREP,NEW ENGLAND JOURNAL OF ENTREPRENEURSHIP
16306.0,NEW MEDIA SOC,NEW MEDIA & SOCIETY
29032.0,NEW POLIT ECON,NEW POLITICAL ECONOMY
17627.0,NEW TECHNOL WORK EMPLOY,NEW TECHNOLOGY WORK AND EMPLOYMENT
19900191763.0,NEW ZEAL ECON PAP,NEW ZEALAND ECONOMIC PAPERS
13197.0,NONPROF VOLUNT SEC Q,NONPROFIT AND VOLUNTARY SECTOR QUARTERLY
21100267041.0,NTU MANAG REV,NTU MANAGEMENT REVIEW
29259.0,NURS RES,NURSING RESEARCH
21101019253.0,OECON COPERNIC,OECONOMIA COPERNICANA
15386.0,ONLINE INFORM REV,ONLINE INFORMATION REVIEW
15700154705.0,OPER MANAGE RES,OPERATIONS MANAGEMENT RESEARCH
21100248922.0,ORG AGR,ORGANIC AGRICULTURE
22326.0,ORGAN BEHAV HUM DEC,ORGANIZATIONAL BEHAVIOR AND HUMAN DECISION PROCESSES
22328.0,ORGAN DYN,ORGANIZATIONAL DYNAMICS
22330.0,ORGAN RES METHODS,ORGANIZATIONAL RESEARCH METHODS
22324.0,ORGAN SCI,ORGANIZATION SCIENCE
28312.0,ORGAN STUD,ORGANIZATION STUDIES
22322.0,ORGANIZATION,ORGANIZATION
21100421887.0,ORGANIZING FOR THE DIGITAL WORLD. IT FOR INDIVIDUALS,LECTURE NOTES IN INFORMATION SYSTEMS AND ORGANISATION
22904.0,OXFORD REV ECON POL,OXFORD REVIEW OF ECONOMIC POLICY
67863.0,PARTY POLIT,PARTY POLITICS
22460.0,PATIENT EDUC COUNS,PATIENT EDUCATION AND COUNSELING
17300154913.0,PERFORM IMPROV Q,PERFORMANCE IMPROVEMENT QUARTERLY
22363.0,PERIODICA POLYTECHNICA SOCIAL AND MANAGEMENT SCIENCES,PERIODICA POLYTECHNICA SOCIAL AND MANAGEMENT SCIENCES
12807.0,PERS INDIVID DIF,PERSONALITY AND INDIVIDUAL DIFFERENCES
12817.0,PERS PSYCHOL,PERSONNEL PSYCHOLOGY
12811.0,PERS SOC PSYCHOL B,PERSONALITY AND SOCIAL PSYCHOLOGY BULLETIN
19700182323.0,PERSPECT PSYCHOL SCI,PERSPECTIVES ON PSYCHOLOGICAL SCIENCE
19600162021.0,PERTANIKA J SOC SCI,PERTANIKA JOURNAL OF SOCIAL SCIENCE AND HUMANITIES
21100890619.0,PHILOS MANAG,PHILOSOPHY OF MANAGEMENT
26151.0,PHILOS PHENOMEN RES,PHILOSOPHY AND PHENOMENOLOGICAL RESEARCH
10600153309.0,PLOS ONE,PLOS ONE
17409.0,POETICS,POETICS
22773.0,POLICY SCI,POLICY SCIENCES
22832.0,POLIT BEHAV,POLITICAL BEHAVIOR
22889.0,POLIT SCI QUART,POLITICAL SCIENCE QUARTERLY
21100870919.0,POLIT SCI RES METH,POLITICAL SCIENCE RESEARCH AND METHODS
23439.0,POLIT SOC,POLITICS & SOCIETY
29429.0,POST-COMMUNIST ECON,POST-COMMUNIST ECONOMIES
19700170105.0,PROBLEMS AND PERSPECTIVES IN MANAGEMENT,PROBLEMS AND PERSPECTIVES IN MANAGEMENT
19700182801.0,PROCEDIA COMPUT SCI,PROCEDIA COMPUTER SCIENCE
22405.0,PROD OPER MANAG,PRODUCTION AND OPERATIONS MANAGEMENT
18658.0,PROD PLAN CONTROL,PRODUCTION PLANNING & CONTROL
19700182654.0,PROJ MANAG J,PROJECT MANAGEMENT JOURNAL
18729.0,PSYCHIAT RES,PSYCHIATRY RESEARCH
13442.0,PSYCHOL ASSESSMENT,PSYCHOLOGICAL ASSESSMENT
13441.0,PSYCHOL BELG,PSYCHOLOGICA BELGICA
13443.0,PSYCHOL BULL,PSYCHOLOGICAL BULLETIN
13456.0,PSYCHOL INQ,PSYCHOLOGICAL INQUIRY
14014.0,PSYCHOL MARKET,PSYCHOLOGY AND MARKETING
13461.0,PSYCHOL METHODS,PSYCHOLOGICAL METHODS
13465.0,PSYCHOL REP,PSYCHOLOGICAL REPORTS
13467.0,PSYCHOL REV,PSYCHOLOGICAL REVIEW
13972.0,PSYCHOL STUD (MYSORE),PSYCHOLOGICAL STUDIES
26761.0,PSYCHOMETRIC THEORY,ADVANCES IN EXPERIMENTAL MEDICINE AND BIOLOGY
14061.0,PSYCHOMETRIKA,PSYCHOMETRIKA
17162.0,PUBLIC ADMIN,PUBLIC ADMINISTRATION
15381.0,PUBLIC ADMIN DEVELOP,PUBLIC ADMINISTRATION AND DEVELOPMENT
23611.0,PUBLIC CHOICE,PUBLIC CHOICE
4700152305.0,PUBLIC MANAG REV,PUBLIC MANAGEMENT REVIEW
29139.0,PUBLIC RELAT REV,PUBLIC RELATIONS REVIEW
29431.0,Q J ECON,THE QUARTERLY JOURNAL OF ECONOMICS
17712.0,QUAL HEALTH RES,QUALITATIVE HEALTH RESEARCH
144833.0,QUAL INQ,QUALITATIVE INQUIRY
21100268418.0,QUAL MANAG J,QUALITY MANAGEMENT JOURNAL
144655.0,QUAL MARK RES,QUALITATIVE MARKET RESEARCH AN INTERNATIONAL JOURNAL
19372.0,QUAL QUANT,QUALITY & QUANTITY
5700165306.0,QUAL REP,QUALITATIVE REPORT
100147024.0,QUAL RES,QUALITATIVE RESEARCH
19400156804.0,QUAL RES J,QUALITATIVE RESEARCH JOURNAL
5700163050.0,QUAL SOC WORK,QUALITATIVE SOCIAL WORK
17700156709.0,QUAL-ACCESS SUCCESS,QUALITY-ACCESS TO SUCCESS
22486.0,R&D MANAGE,R AND D MANAGEMENT
17864.0,RADIOLOGY,RADIOLOGY
12452.0,RAUMFORSCH RAUMORDN,RAUMFORSCHUNG UND RAUMORDNUNG / SPATIAL RESEARCH AND PLANNING
19700187608.0,REFL. PRACT,REFLECTIVE PRACTICE
15143.0,REG STUD,REGIONAL STUDIES
71741.0,RENEW AGR FOOD SYST,RENEWABLE AGRICULTURE AND FOOD SYSTEMS
27567.0,RENEW SUST ENERG REV,RENEWABLE AND SUSTAINABLE ENERGY REVIEWS
4000152135.0,RES GLOB STRATEG MAN,RESEARCH IN GLOBAL STRATEGIC MANAGEMENT
12056.0,RES INT BUS FINANCE,RESEARCH IN INTERNATIONAL BUSINESS AND FINANCE
14130.0,RES ORGAN BEHAV,RESEARCH IN ORGANIZATIONAL BEHAVIOR
22900.0,RES POLICY,RESEARCH POLICY
97030.0,RES SCI EDUC,RESEARCH IN SCIENCE EDUCATION
20500195043.0,RES TRANSP BUS MANAG,RESEARCH IN TRANSPORTATION BUSINESS & MANAGEMENT
5100155099.0,RES. PSYCHOL.,QUALITATIVE RESEARCH IN PSYCHOLOGY
11200153507.0,RES. SCH.,JOURNAL OF MIXED METHODS RESEARCH
26424.0,RESOUR CONSERV RECYCL,RESOURCES CONSERVATION AND RECYCLING
21101196444.0,RESTOR DENT ENDOD,RESTORATIVE DENTISTRY & ENDODONTICS
24200.0,REV BLACK POLIT ECON,THE REVIEW OF BLACK POLITICAL ECONOMY
15400.0,REV DEV ECON,REVIEW OF DEVELOPMENT ECONOMICS
24204.0,REV ECON STAT,THE REVIEW OF ECONOMICS AND STATISTICS
16161.0,REV FINANC STUD,REVIEW OF FINANCIAL STUDIES
20738.0,REV HIGH EDUC,REVIEW OF HIGHER EDUCATION/THE REVIEW OF HIGHER EDUCATION
29447.0,REV IND ORGAN,REVIEW OF INDUSTRIAL ORGANIZATION
26261.0,REV INT POLIT ECON,REVIEW OF INTERNATIONAL POLITICAL ECONOMY
17400154830.0,REV MANAG SCI,REVIEW OF MANAGERIAL SCIENCE
21100265630.0,REV MARKET RES,REVIEW OF MARKETING RESEARCH
50039.0,REV POLICY RES,REVIEW OF POLICY RESEARCH
24228.0,REV SOC ECON,REVIEW OF SOCIAL ECONOMY
19017.0,RNA,JOURNAL OF ECOHUMANISM
17389.0,RURAL SOCIOL,RURAL SOCIOLOGY
21100943520.0,RUTG BUSI REV,RUTGERS BUSINESS REVIEW
12100155425.0,S AFR J BUS MANAG,SOUTH AFRICAN JOURNAL OF BUSINESS MANAGEMENT
15900154750.0,S AFR J ECON MANAG S,SOUTH AFRICAN JOURNAL OF ECONOMIC AND MANAGEMENT SCIENCES
15270.0,S AFR J PSYCHOL,SOUTH AFRICAN JOURNAL OF PSYCHOLOGY
24880.0,S AFR J SCI,SOUTH AFRICAN JOURNAL OF SCIENCE
19900195028.0,S AFRICAN J IND PSYC,SA JOURNAL OF INDUSTRIAL PSYCHOLOGY
21100904410.0,S ASIAN J BUS STUD,SOUTH ASIAN JOURNAL OF BUSINESS STUDIES
21100898012.0,SA J HUMAN RESOURCE,SA JOURNAL OF HUMAN RESOURCE MANAGEMENT
12332.0,SAFETY SCI,SAFETY SCIENCE
23610.0,SCAND J FOREST RES,SCANDINAVIAN JOURNAL OF FOREST RESEARCH
23064.0,SCAND J MANAG,SCANDINAVIAN JOURNAL OF MANAGEMENT
11900154357.0,SCANDINAVIAN JOURNAL OF HOSPITALITY AND TOURISM,SCANDINAVIAN JOURNAL OF HOSPITALITY AND TOURISM
23571.0,SCIENCE,SCIENCE
24222.0,SCIENTOMETRICS,SCIENTOMETRICS
7000153208.0,SERV BUS,SERVICE BUSINESS
24928.0,SERV IND J,SERVICE INDUSTRIES JOURNAL
3300147704.0,SERV MARK Q,SERVICES MARKETING QUARTERLY
24273.0,SIGNS,SIGNS
12188.0,SIMULAT GAMING,SIMULATION & GAMING
29104.0,SMALL BUS ECON,SMALL BUSINESS ECONOMICS
21101075550.0,SMALL ENTERP RES,SMALL ENTERPRISE RESEARCH
14818.0,SMALL GR RES,SMALL GROUP RESEARCH
21101021439.0,SO AFR J ENTREP SMAL,THE SOUTHERN AFRICAN JOURNAL OF ENTREPRENEURSHIP AND SMALL BUSINESS MANAGEMENT
14821.0,SOC BEHAV PERSONAL,SOCIAL BEHAVIOR AND PERSONALITY AN INTERNATIONAL JOURNAL
21101038920.0,SOC BUS REV,SOCIETY AND BUSINESS REVIEW
14823.0,SOC COGNITION,SOCIAL COGNITION
21100898050.0,SOC ENTERP J,SOCIAL ENTERPRISE JOURNAL
17530.0,SOC FORCES,SOCIAL FORCES
25987.0,SOC NETWORKS,SOCIAL NETWORKS
19900191756.0,SOC RESPONSIB J,SOCIAL RESPONSIBILITY JOURNAL
25991.0,SOC SCI INFORM,SOCIAL SCIENCE INFORMATION
18983.0,SOC SCI MED,SOCIAL SCIENCE & MEDICINE
10600153342.0,SOCIETY AND ECONOMY,SOCIETY AND ECONOMY
18291.0,SOCIOECON PLANN SCI,SOCIO-ECONOMIC PLANNING SCIENCES
18091.0,SOCIOL METHOD RES,SOCIOLOGICAL METHODS & RESEARCH
18090.0,SOCIOL METHODOL,SOCIOLOGICAL METHODOLOGY
18103.0,SOCIOL QUART,SOCIOLOGICAL QUARTERLY
145212.0,SOCIOL RES ONLINE,SOCIOLOGICAL RESEARCH ONLINE
18109.0,SOCIOL SPECTRUM,SOCIOLOGICAL SPECTRUM
18110.0,SOCIOL THEOR,SOCIOLOGICAL THEORY
18775.0,SOCIOL TRAV,SOCIOLOGIE DU TRAVAIL
18130.0,SOCIOLOGY,SOCIOLOGY
25366.0,SOUTH ASIA RES,SOUTH ASIA RESEARCH
25494.0,SOUTH ECON J,SOUTHERN ECONOMIC JOURNAL
13104.0,SOUTHEAST GEOGR,SOUTHEASTERN GEOGRAPHER
21100791289.0,SPORT MANAG EDUC J,SPORT MANAGEMENT EDUCATION JOURNAL
1200147101.0,SPORT SOC,SPORT IN SOCIETY
21100255398.0,SPRINGER PROC MATH STAT,SPRINGER PROCEEDINGS IN MATHEMATICS & STATISTICS
21100321695.0,SPRINGERBR APPL SCI,SPRINGERBRIEFS IN APPLIED SCIENCES AND TECHNOLOGY
13256.0,STANFORD SOCIAL INNOVATION REVIEW,BIOLOGICAL CONTROL
14756.0,STAT SCI,STATISTICAL SCIENCE
21100409365.0,STRATEG CHANG,STRATEGIC CHANGE
21100217630.0,STRATEG ENTREP J,STRATEGIC ENTREPRENEURSHIP JOURNAL
23157.0,STRATEG MANAGE J,STRATEGIC MANAGEMENT JOURNAL
11800154593.0,STRATEG ORGAN,STRATEGIC ORGANIZATION
15298.0,STRUCT EQU MODELING,STRUCTURAL EQUATION MODELING A MULTIDISCIPLINARY JOURNAL
21100888810.0,STUD BUS ECON-ROM,STUDIES IN BUSINESS AND ECONOMICS
4900152708.0,STUD COMPUT INTELL,STUDIES IN COMPUTATIONAL INTELLIGENCE
20853.0,STUD HIGH EDUC,STUDIES IN HIGHER EDUCATION
21100828949.0,STUD SYST DECIS CONTROL,"STUDIES IN SYSTEMS, DECISION AND CONTROL"
25874.0,SUSTAIN DEV,SUSTAINABLE DEVELOPMENT
21101167218.0,SUSTAIN TECHNOL ENTREP,SUSTAINABLE TECHNOLOGY AND ENTREPRENEURSHIP
21100240100.0,SUSTAINABILITY,SUSTAINABILITY (SWITZERLAND)
16400154787.0,SUSTAINABILITY-BASEL,SUSTAINABILITY
27699.0,SYNTHESE,SYNTHESE
12909.0,SYST RES BEHAV SCI,SYSTEMS RESEARCH AND BEHAVIORAL SCIENCE
14715.0,TECHNOL ANAL STRATEG,TECHNOLOGY ANALYSIS AND STRATEGIC MANAGEMENT
14704.0,TECHNOL FORECAST SOC CHANGE,TECHNOLOGICAL FORECASTING AND SOCIAL CHANGE
18676.0,TECHNOL SOC,TECHNOLOGY IN SOCIETY
14567.0,TECHNOMETRICS,TECHNOMETRICS
20870.0,TELECOMM POLICY,TELECOMMUNICATIONS POLICY
20896.0,TELEMAT INFORM,TELEMATICS AND INFORMATICS
21100831441.0,TEM J,TEM JOURNAL
144637.0,TERT EDUC MANAG (DORDR),TERTIARY EDUCATION AND MANAGEMENT
12055.0,THE INSTITUTIONAL LOGICS PERSPECTIVE: A NEW APPROACH TO CULTURE,ASIAN JOURNAL OF SOCIAL PSYCHOLOGY
5700164234.0,THEORY RES EDUC,THEORY AND RESEARCH IN EDUCATION
20648.0,THROMB RES,THROMBOSIS RESEARCH
23729.0,TOTAL QUAL MANAG BUS,TOTAL QUALITY MANAGEMENT & BUSINESS EXCELLENCE
21100211736.0,TOUR ANAL,TOURISM ANALYSIS
5600156484.0,TOUR HOSP MANAG-CROA,TOURISM AND HOSPITALITY MANAGEMENT
17700156755.0,TOUR HOSP RES,TOURISM AND HOSPITALITY RESEARCH
21100202157.0,TOUR MANAG PERSPECT,TOURISM MANAGEMENT PERSPECTIVES
21100248909.0,TOUR REV,TOURISM REVIEW
16544.0,TOURISM GEOGR,TOURISM GEOGRAPHIES
16547.0,TOURISM MANAGE,TOURISM MANAGEMENT
145732.0,TOURIST STUDIES,TOURIST STUDIES
21100888595.0,TRANSNATL MARK J,TRANSNATIONAL MARKETING JOURNAL
20909.0,TRANSP RES E LOGIST TRANSP REV,TRANSPORTATION RESEARCH PART E LOGISTICS AND TRANSPORTATION REVIEW
19939.0,TRENDS NEUROSCI,TRENDS IN NEUROSCIENCES
29684.0,URBAN STUD,URBAN STUDIES
17914.0,VENTUR CAP,VENTURE CAPITAL
23830.0,VIKALPA,VIKALPA THE JOURNAL FOR DECISION MAKERS
21100801725.0,VINE J INF KNOWL MAN,VINE JOURNAL OF INFORMATION AND KNOWLEDGE MANAGEMENT SYSTEMS
18300156707.0,VISIT STUD,VISITOR STUDIES
15725.0,VOLUNTAS,VOLUNTAS INTERNATIONAL JOURNAL OF VOLUNTARY AND NONPROFIT ORGANIZATIONS
30034.0,WESTERN J NURS RES,WESTERN JOURNAL OF NURSING RESEARCH
19250.0,WORK OCCUPATION,WORK AND OCCUPATIONS
27365.0,WORLD BANK ECON REV,THE WORLD BANK ECONOMIC REVIEW
18034.0,WORLD BANK RES OBSER,THE WORLD BANK RESEARCH OBSERVER
30060.0,WORLD DEV,WORLD DEVELOPMENT
21101226899.0,WORLD DEV SUSTAIN,WORLD DEVELOPMENT SUSTAINABILITY
23594.0,WORLD ECON,WORLD ECONOMY
21100262313.0,WORLDW HOSP TOUR THE,WORLDWIDE HOSPITALITY AND TOURISM THEMES
21100299417.0,YOUNG CONSUM,YOUNG CONSUMERS INSIGHT AND IDEAS FOR RESPONSIBLE MARKETERS
16842.0,Z SOZIOL,QUALITATIVE SOCIOLOGY
21100820055.0,[JOURNAL OF DISTRIBUTION SCIENCE,JOURNAL OF DISTRIBUTION SCIENCE
